ticket_id,customer_id,created_datetime,assigned_datetime,resolved_datetime,region,team,agent_id,shift,priority,issue_type,channel,sla_hours,first_response_hours,resolution_hours,sla_breach (Yes/No),breach_hours,escalated,reopened,status,backlog_flag,root_cause,bottleneck_stage,customer_satisfaction_score
T0001,C1890,24-02-2025 08:01,24-02-2025 08:52,25-02-2025 01:01,East,L1 Support,A135,Morning,Medium,Login/Access,Email,24,0.85,17.01,No,0,No,No,Resolved,No,No Major Delay,None,5
T0002,C1046,19-04-2025 13:38,19-04-2025 13:50,20-04-2025 03:46,West,L1 Support,A125,Morning,Critical,Order Delay,Email,4,0.21,14.14,Yes,10.14,No,No,Resolved,No,Agent Capacity Constraint,Resolution,4
T0003,C1863,15-02-2025 11:42,15-02-2025 14:31,16-02-2025 12:23,North,L1 Support,A124,Morning,Medium,Order Delay,Chat,24,2.82,24.69,Yes,0.69,Yes,No,Resolved,No,Incorrect Routing,Routing,3
T0004,C1141,05-03-2025 14:56,05-03-2025 16:47,07-03-2025 10:32,North,Technical Ops,A121,Afternoon,Low,Login/Access,Chat,48,1.86,43.61,No,0,No,No,Resolved,No,No Major Delay,None,5
T0005,C1300,19-02-2025 14:38,19-02-2025 16:18,22-02-2025 11:54,North,L1 Support,A128,Afternoon,Medium,Login/Access,Chat,24,1.68,69.28,Yes,45.28,No,No,Resolved,No,Agent Capacity Constraint,Resolution,3
T0006,C1899,06-03-2025 17:12,06-03-2025 21:06,08-03-2025 06:49,East,Escalations,A120,Afternoon,Medium,Technical Bug,Portal,24,3.91,37.62,Yes,13.62,Yes,No,Resolved,No,Approval Dependency,Approval,4
T0007,C1687,12-03-2025 10:16,12-03-2025 12:10,13-03-2025 06:45,West,L1 Support,A109,Morning,Medium,Login/Access,Chat,24,1.9,20.49,No,0,No,No,Resolved,No,No Major Delay,None,5
T0008,C1219,12-03-2025 11:37,12-03-2025 12:01,13-03-2025 03:01,Central,L1 Support,A122,Morning,Medium,Account Update,Phone,24,0.4,15.4,No,0,No,No,Resolved,No,No Major Delay,None,5
T0009,C1187,26-03-2025 14:22,26-03-2025 15:52,28-03-2025 14:59,Central,Account Ops,A113,Afternoon,Medium,Order Delay,Phone,24,1.51,48.62,Yes,24.62,Yes,No,Resolved,No,Agent Capacity Constraint,Resolution,3
T0010,C1803,12-01-2025 11:10,12-01-2025 12:43,12-01-2025 18:31,North,Billing Ops,A135,Morning,High,Refund Request,Phone,8,1.55,7.35,No,0,Yes,Yes,Closed,No,No Major Delay,None,4
T0011,C1190,08-01-2025 17:47,08-01-2025 20:04,09-01-2025 02:58,Central,Billing Ops,A119,Afternoon,Medium,Account Update,Chat,24,2.29,9.19,No,0,No,No,Resolved,No,No Major Delay,None,5
T0012,C1769,23-02-2025 17:36,23-02-2025 19:25,23-02-2025 21:40,South,Technical Ops,A103,Afternoon,Critical,Login/Access,Phone,4,1.83,4.08,Yes,0.08,Yes,No,Resolved,No,Incomplete Customer Information,Customer Response,3
T0013,C1683,30-04-2025 13:56,30-04-2025 15:02,01-05-2025 06:35,Central,Technical Ops,A133,Morning,Low,Login/Access,Portal,48,1.1,16.66,No,0,No,No,Resolved,No,No Major Delay,None,5
T0014,C1268,19-03-2025 11:45,19-03-2025 17:09,23-03-2025 00:54,North,Escalations,A110,Morning,Low,Refund Request,Portal,48,5.41,85.16,Yes,37.16,Yes,No,Resolved,No,Delayed Assignment,Assignment,3
T0015,C1416,19-01-2025 14:08,19-01-2025 15:21,20-01-2025 13:18,West,Technical Ops,A124,Afternoon,High,Technical Bug,Phone,8,1.22,23.17,Yes,15.17,No,No,Closed,No,Agent Capacity Constraint,Resolution,3
T0016,C1840,29-04-2025 13:50,29-04-2025 16:53,05-05-2025 19:02,South,Account Ops,A102,Morning,Low,Order Delay,Chat,48,3.06,149.2,Yes,101.2,No,No,Resolved,No,High Complexity,Diagnosis,4
T0017,C1321,07-03-2025 14:43,07-03-2025 19:49,10-03-2025 04:14,North,Escalations,A118,Afternoon,Low,Payment Failure,Chat,48,5.1,61.52,Yes,13.52,Yes,No,Resolved,No,Delayed Assignment,Assignment,2
T0018,C1682,29-04-2025 16:43,29-04-2025 18:59,01-05-2025 12:53,North,Billing Ops,A128,Afternoon,Medium,Subscription Change,Phone,24,2.28,44.18,Yes,20.18,Yes,No,Resolved,No,High Complexity,Diagnosis,2
T0019,C1290,08-02-2025 14:35,08-02-2025 16:33,10-02-2025 06:20,East,Escalations,A112,Afternoon,Medium,Account Update,Phone,24,1.97,39.75,Yes,15.75,Yes,No,Resolved,No,Technical Dependency,Escalation,3
T0020,C1249,19-01-2025 08:02,19-01-2025 09:33,20-01-2025 04:45,East,L1 Support,A115,Morning,Medium,Data Correction,Email,24,1.53,20.73,No,0,No,No,Resolved,No,No Major Delay,None,5
T0021,C1162,16-01-2025 15:08,16-01-2025 17:12,17-01-2025 15:12,North,Technical Ops,A116,Afternoon,High,Data Correction,Chat,8,2.07,24.08,Yes,16.08,No,No,Resolved,No,Technical Dependency,Escalation,3
T0022,C1065,31-01-2025 12:28,31-01-2025 13:28,01-02-2025 00:41,East,L1 Support,A134,Morning,Medium,Technical Bug,Chat,24,1,12.23,No,0,Yes,No,Resolved,No,No Major Delay,None,5
T0023,C1819,08-04-2025 17:24,08-04-2025 20:14,09-04-2025 03:22,West,Billing Ops,A102,Afternoon,Medium,Refund Request,Phone,24,2.84,9.98,No,0,No,No,Resolved,No,No Major Delay,None,5
T0024,C1472,18-04-2025 15:58,18-04-2025 17:54,18-04-2025 20:22,South,Billing Ops,A126,Afternoon,Medium,Payment Failure,Email,24,1.94,4.4,No,0,No,Yes,Resolved,No,No Major Delay,None,4
T0025,C1484,11-01-2025 15:01,11-01-2025 15:22,12-01-2025 10:32,East,Billing Ops,A127,Afternoon,High,Refund Request,Email,8,0.35,19.52,Yes,11.52,Yes,Yes,Resolved,No,Agent Capacity Constraint,Resolution,3
T0026,C1248,21-01-2025 12:06,21-01-2025 14:54,22-01-2025 12:04,South,Technical Ops,A108,Morning,Medium,Technical Bug,Phone,24,2.8,23.97,No,0,No,No,Closed,No,No Major Delay,None,5
T0027,C1988,26-03-2025 13:04,26-03-2025 16:25,27-03-2025 08:38,Central,Escalations,A123,Morning,High,Order Delay,Chat,8,3.35,19.58,Yes,11.58,Yes,No,Resolved,No,High Complexity,Diagnosis,4
T0028,C1264,12-01-2025 12:56,12-01-2025 15:14,13-01-2025 10:23,Central,Technical Ops,A116,Morning,Medium,Technical Bug,Chat,24,2.3,21.45,No,0,No,No,Resolved,No,No Major Delay,None,5
T0029,C1543,08-04-2025 11:44,08-04-2025 13:55,08-04-2025 23:27,East,Billing Ops,A127,Morning,High,Subscription Change,Phone,8,2.19,11.72,Yes,3.72,No,No,Resolved,No,Incomplete Customer Information,Customer Response,4
T0030,C1852,25-01-2025 13:07,25-01-2025 15:58,,Central,Billing Ops,A115,Morning,High,Subscription Change,Email,8,2.86,,,,Yes,No,Pending,Yes,High Complexity,Diagnosis,
T0031,C1410,31-03-2025 10:40,31-03-2025 12:14,01-04-2025 00:02,South,Billing Ops,A104,Morning,High,Payment Failure,Email,8,1.57,13.37,Yes,5.37,Yes,No,Closed,No,Delayed Assignment,Assignment,4
T0032,C1781,08-04-2025 14:38,08-04-2025 16:33,10-04-2025 18:12,North,Technical Ops,A116,Afternoon,Medium,Technical Bug,Email,24,1.93,51.58,Yes,27.58,No,No,Resolved,No,Delayed Assignment,Assignment,3
T0033,C1603,18-03-2025 15:18,18-03-2025 16:18,18-03-2025 19:33,North,Billing Ops,A127,Afternoon,High,Payment Failure,Email,8,1.01,4.25,No,0,Yes,No,Closed,No,No Major Delay,None,5
T0034,C1040,22-01-2025 12:38,22-01-2025 15:30,23-01-2025 06:17,West,Escalations,A110,Morning,Medium,Subscription Change,Email,24,2.87,17.65,No,0,Yes,No,Resolved,No,No Major Delay,None,5
T0035,C1356,28-03-2025 12:36,28-03-2025 17:18,30-03-2025 07:25,Central,Escalations,A102,Morning,Low,Order Delay,Email,48,4.7,42.83,No,0,Yes,No,Resolved,No,No Major Delay,None,4
T0036,C1473,12-03-2025 08:29,12-03-2025 09:23,12-03-2025 13:23,North,Billing Ops,A126,Morning,Medium,Refund Request,Chat,24,0.91,4.9,No,0,No,No,Closed,No,Delayed Assignment,Assignment,5
T0037,C1120,17-01-2025 12:28,17-01-2025 14:01,18-01-2025 16:11,East,Account Ops,A114,Morning,Medium,Payment Failure,Chat,24,1.56,27.73,Yes,3.73,Yes,Yes,Resolved,No,Technical Dependency,Escalation,3
T0038,C1857,19-01-2025 14:12,19-01-2025 18:04,21-01-2025 07:15,East,Escalations,A116,Afternoon,Medium,Payment Failure,Phone,24,3.88,41.06,Yes,17.06,Yes,No,Resolved,No,Technical Dependency,Escalation,3
T0039,C1811,30-04-2025 13:55,30-04-2025 16:04,,West,Billing Ops,A135,Morning,Medium,Subscription Change,Chat,24,2.15,,,,Yes,No,Pending,Yes,High Complexity,Diagnosis,
T0040,C1872,26-02-2025 09:33,26-02-2025 09:51,28-02-2025 13:22,West,Billing Ops,A107,Morning,Low,Subscription Change,Portal,48,0.3,51.83,Yes,3.83,Yes,No,Resolved,No,Agent Capacity Constraint,Resolution,2
T0041,C1441,31-01-2025 12:14,31-01-2025 14:20,01-02-2025 08:46,Central,Escalations,A103,Morning,High,Data Correction,Phone,8,2.11,20.54,Yes,12.54,Yes,No,Resolved,No,Delayed Assignment,Assignment,3
T0042,C1452,31-01-2025 15:58,31-01-2025 16:49,01-02-2025 03:17,Central,Technical Ops,A125,Afternoon,High,Technical Bug,Chat,8,0.85,11.33,Yes,3.33,No,No,Resolved,No,Agent Capacity Constraint,Resolution,3
T0043,C1702,19-02-2025 15:06,19-02-2025 17:21,20-02-2025 22:14,East,Billing Ops,A120,Afternoon,Low,Subscription Change,Chat,48,2.25,31.14,No,0,No,No,Resolved,No,No Major Delay,None,5
T0044,C1040,15-02-2025 11:40,15-02-2025 12:47,16-02-2025 18:17,Central,Account Ops,A115,Morning,Low,Subscription Change,Chat,48,1.13,30.63,No,0,No,No,Resolved,No,Incomplete Customer Information,Customer Response,5
T0045,C1077,17-01-2025 16:56,17-01-2025 18:37,18-01-2025 17:00,Central,Technical Ops,A127,Afternoon,High,Technical Bug,Phone,8,1.69,24.07,Yes,16.07,No,No,Resolved,No,Agent Capacity Constraint,Resolution,4
T0046,C1574,10-03-2025 09:29,10-03-2025 11:47,10-03-2025 17:50,West,Billing Ops,A126,Morning,High,Subscription Change,Portal,8,2.3,8.36,Yes,0.36,No,No,Closed,No,Technical Dependency,Escalation,3
T0047,C1424,05-01-2025 12:31,05-01-2025 13:22,06-01-2025 01:42,North,L1 Support,A108,Morning,High,Technical Bug,Chat,8,0.86,13.19,Yes,5.19,No,No,Resolved,No,Incomplete Customer Information,Customer Response,3
T0048,C1341,31-01-2025 13:06,31-01-2025 16:37,02-02-2025 04:12,Central,Escalations,A114,Morning,Medium,Order Delay,Phone,24,3.53,39.11,Yes,15.11,Yes,No,Resolved,No,Delayed Assignment,Assignment,4
T0049,C1676,30-01-2025 13:49,30-01-2025 16:32,30-01-2025 18:32,Central,Billing Ops,A114,Morning,High,Payment Failure,Email,8,2.72,4.73,No,0,Yes,No,Resolved,No,No Major Delay,None,5
T0050,C1930,05-04-2025 14:33,05-04-2025 15:01,06-04-2025 12:09,East,Billing Ops,A117,Afternoon,Low,Payment Failure,Chat,48,0.47,21.6,No,0,No,No,Resolved,No,No Major Delay,None,5
T0051,C1517,04-03-2025 15:04,04-03-2025 16:26,06-03-2025 05:40,West,L1 Support,A128,Afternoon,Low,Technical Bug,Chat,48,1.38,38.61,No,0,No,No,Resolved,No,No Major Delay,None,5
T0052,C1851,24-04-2025 11:26,24-04-2025 12:54,25-04-2025 17:54,North,L1 Support,A114,Morning,Medium,Login/Access,Chat,24,1.47,30.47,Yes,6.47,No,No,Resolved,No,Delayed Assignment,Assignment,4
T0053,C1158,22-02-2025 13:55,22-02-2025 15:25,22-02-2025 18:27,East,Account Ops,A122,Morning,Critical,Account Update,Chat,4,1.5,4.54,Yes,0.54,No,No,Resolved,No,Agent Capacity Constraint,Resolution,3
T0054,C1943,19-04-2025 16:49,19-04-2025 18:44,20-04-2025 17:46,North,Account Ops,A115,Afternoon,Medium,Payment Failure,Phone,24,1.92,24.95,Yes,0.95,No,No,Closed,No,Delayed Assignment,Assignment,3
T0055,C1050,09-03-2025 11:24,09-03-2025 12:33,09-03-2025 20:47,South,L1 Support,A102,Morning,High,Login/Access,Phone,8,1.15,9.39,Yes,1.39,No,Yes,Closed,No,Delayed Assignment,Assignment,3
T0056,C1122,25-02-2025 09:18,25-02-2025 11:09,27-02-2025 09:59,West,Billing Ops,A133,Morning,Medium,Refund Request,Phone,24,1.86,48.69,Yes,24.69,Yes,No,Resolved,No,Incorrect Routing,Routing,3
T0057,C1941,21-04-2025 08:27,21-04-2025 11:42,22-04-2025 07:43,South,Escalations,A123,Morning,Critical,Order Delay,Email,4,3.25,23.27,Yes,19.27,Yes,No,Closed,No,High Complexity,Diagnosis,2
T0058,C1241,09-02-2025 13:14,09-02-2025 13:54,10-02-2025 22:31,North,Account Ops,A106,Morning,Medium,Account Update,Email,24,0.67,33.29,Yes,9.29,No,No,Closed,No,High Complexity,Diagnosis,3
T0059,C1480,14-03-2025 17:28,14-03-2025 20:08,15-03-2025 00:58,South,Billing Ops,A132,Afternoon,High,Refund Request,Chat,8,2.67,7.5,No,0,No,No,Resolved,No,No Major Delay,None,5
T0060,C1930,17-02-2025 12:04,17-02-2025 15:00,17-02-2025 22:31,East,Billing Ops,A129,Morning,Medium,Refund Request,Phone,24,2.94,10.46,No,0,No,No,Resolved,No,No Major Delay,None,5
T0061,C1346,11-01-2025 16:41,11-01-2025 17:48,12-01-2025 17:15,East,Technical Ops,A122,Afternoon,Low,Data Correction,Chat,48,1.12,24.57,No,0,Yes,No,Resolved,No,No Major Delay,None,5
T0062,C1832,16-03-2025 10:58,16-03-2025 13:52,17-03-2025 06:50,East,Technical Ops,A110,Morning,Medium,Login/Access,Email,24,2.91,19.88,No,0,No,No,Closed,No,No Major Delay,None,5
T0063,C1632,28-01-2025 13:49,28-01-2025 14:38,29-01-2025 10:27,Central,L1 Support,A124,Morning,High,Order Delay,Email,8,0.83,20.64,Yes,12.64,No,No,Closed,No,Delayed Assignment,Assignment,4
T0064,C1198,06-01-2025 14:23,06-01-2025 15:15,07-01-2025 04:23,South,Account Ops,A111,Afternoon,High,Account Update,Email,8,0.87,14.01,Yes,6.01,No,No,Closed,No,Agent Capacity Constraint,Resolution,4
T0065,C1127,15-04-2025 11:51,15-04-2025 14:29,15-04-2025 17:23,West,Billing Ops,A127,Morning,Medium,Subscription Change,Phone,24,2.64,5.54,No,0,No,No,Resolved,No,No Major Delay,None,5
T0066,C1810,24-04-2025 13:59,24-04-2025 14:20,24-04-2025 22:26,East,L1 Support,A115,Morning,High,Order Delay,Phone,8,0.35,8.45,Yes,0.45,No,Yes,Resolved,No,Incorrect Routing,Routing,2
T0067,C1856,03-01-2025 12:13,03-01-2025 13:57,04-01-2025 06:23,West,Technical Ops,A101,Morning,High,Login/Access,Chat,8,1.74,18.18,Yes,10.18,Yes,Yes,Resolved,No,Technical Dependency,Escalation,1
T0068,C1894,31-01-2025 17:26,31-01-2025 20:01,01-02-2025 21:57,North,Technical Ops,A101,Afternoon,Low,Technical Bug,Chat,48,2.59,28.53,No,0,No,No,Resolved,No,No Major Delay,None,5
T0069,C1064,05-04-2025 13:08,05-04-2025 14:51,06-04-2025 10:15,East,Technical Ops,A107,Morning,Medium,Data Correction,Email,24,1.73,21.12,No,0,No,No,Closed,No,No Major Delay,None,5
T0070,C1376,07-03-2025 14:52,07-03-2025 17:47,08-03-2025 03:13,North,Escalations,A121,Afternoon,Medium,Subscription Change,Email,24,2.92,12.35,No,0,Yes,No,Resolved,No,No Major Delay,None,5
T0071,C1313,17-02-2025 16:17,17-02-2025 18:31,18-02-2025 16:09,West,Billing Ops,A132,Afternoon,Medium,Account Update,Chat,24,2.24,23.87,No,0,No,No,Resolved,No,Incomplete Customer Information,Customer Response,5
T0072,C1241,25-02-2025 12:40,25-02-2025 16:10,27-02-2025 10:26,South,Escalations,A123,Morning,Medium,Order Delay,Chat,24,3.5,45.78,Yes,21.78,Yes,No,Resolved,No,Incomplete Customer Information,Customer Response,4
T0073,C1530,17-02-2025 15:48,17-02-2025 16:31,18-02-2025 07:53,West,Billing Ops,A129,Afternoon,Low,Account Update,Portal,48,0.73,16.09,No,0,No,No,Resolved,No,Delayed Assignment,Assignment,5
T0074,C1297,04-03-2025 11:07,04-03-2025 12:22,05-03-2025 19:28,East,Escalations,A119,Morning,Medium,Technical Bug,Chat,24,1.25,32.36,Yes,8.36,Yes,No,Resolved,No,Incomplete Customer Information,Customer Response,3
T0075,C1075,05-03-2025 08:23,05-03-2025 09:55,08-03-2025 13:41,South,Account Ops,A109,Morning,Low,Order Delay,Chat,48,1.54,77.31,Yes,29.31,No,No,Closed,No,Technical Dependency,Escalation,4
T0076,C1256,17-01-2025 14:32,17-01-2025 14:53,18-01-2025 03:09,North,Billing Ops,A112,Afternoon,High,Refund Request,Phone,8,0.36,12.62,Yes,4.62,No,No,Closed,No,Incorrect Routing,Routing,4
T0077,C1656,16-03-2025 10:10,16-03-2025 12:23,16-03-2025 17:02,East,Billing Ops,A111,Morning,High,Subscription Change,Email,8,2.22,6.88,No,0,No,No,Resolved,No,Delayed Assignment,Assignment,5
T0078,C1735,08-02-2025 15:15,08-02-2025 17:54,10-02-2025 05:19,South,Billing Ops,A135,Afternoon,Low,Refund Request,Chat,48,2.65,38.08,No,0,No,No,Resolved,No,No Major Delay,None,5
T0079,C1738,01-03-2025 09:17,01-03-2025 09:52,01-03-2025 17:49,East,Billing Ops,A107,Morning,High,Subscription Change,Portal,8,0.59,8.54,Yes,0.54,No,No,Closed,No,Approval Dependency,Approval,4
T0080,C1374,06-03-2025 15:15,06-03-2025 17:02,07-03-2025 19:42,West,Escalations,A106,Afternoon,High,Order Delay,Portal,8,1.79,28.45,Yes,20.45,Yes,No,Closed,No,Technical Dependency,Escalation,3
T0081,C1512,05-02-2025 17:43,05-02-2025 18:04,06-02-2025 01:44,Central,Technical Ops,A129,Afternoon,Critical,Login/Access,Email,4,0.36,8.02,Yes,4.02,No,No,Resolved,No,Delayed Assignment,Assignment,3
T0082,C1689,30-04-2025 17:20,30-04-2025 19:15,01-05-2025 05:33,East,L1 Support,A133,Afternoon,Critical,Login/Access,Chat,4,1.93,12.23,Yes,8.23,No,No,Resolved,No,Agent Capacity Constraint,Resolution,4
T0083,C1970,25-03-2025 17:36,25-03-2025 17:56,26-03-2025 01:40,East,L1 Support,A131,Afternoon,High,Account Update,Chat,8,0.34,8.08,Yes,0.08,No,No,Resolved,No,High Complexity,Diagnosis,4
T0084,C1350,05-04-2025 08:45,05-04-2025 09:31,05-04-2025 17:07,West,Billing Ops,A131,Morning,Medium,Payment Failure,Email,24,0.78,8.37,No,0,No,No,Closed,No,No Major Delay,None,5
T0085,C1404,08-02-2025 12:45,08-02-2025 14:55,09-02-2025 08:49,East,Technical Ops,A120,Morning,Medium,Data Correction,Chat,24,2.17,20.08,No,0,No,No,Resolved,No,No Major Delay,None,5
T0086,C1685,06-04-2025 15:13,06-04-2025 17:21,08-04-2025 05:19,South,Billing Ops,A129,Afternoon,Low,Subscription Change,Email,48,2.14,38.1,No,0,Yes,No,Resolved,No,No Major Delay,None,5
T0087,C1667,12-03-2025 10:26,12-03-2025 13:45,13-03-2025 13:20,South,Billing Ops,A109,Morning,Low,Payment Failure,Email,48,3.33,26.9,No,0,No,No,Closed,No,Agent Capacity Constraint,Resolution,5
T0088,C1137,20-02-2025 15:11,20-02-2025 20:26,22-02-2025 08:26,North,Escalations,A103,Afternoon,Medium,Technical Bug,Portal,24,5.25,41.25,Yes,17.25,Yes,No,Closed,No,Incorrect Routing,Routing,1
T0089,C1488,13-02-2025 12:36,13-02-2025 13:31,,South,L1 Support,A112,Morning,Low,Technical Bug,Chat,48,0.93,,,,No,No,Pending,Yes,Incomplete Customer Information,Customer Response,
T0090,C1963,15-03-2025 08:16,15-03-2025 11:01,16-03-2025 00:36,East,Escalations,A120,Morning,High,Refund Request,Phone,8,2.76,16.34,Yes,8.34,Yes,No,Resolved,No,High Complexity,Diagnosis,4
T0091,C1939,12-03-2025 15:48,12-03-2025 17:51,13-03-2025 00:48,South,L1 Support,A124,Afternoon,High,Technical Bug,Portal,8,2.06,9,Yes,1,No,Yes,Resolved,No,Technical Dependency,Escalation,2
T0092,C1059,26-02-2025 09:43,26-02-2025 11:32,26-02-2025 15:06,Central,Technical Ops,A121,Morning,Medium,Login/Access,Portal,24,1.83,5.39,No,0,No,No,Resolved,No,No Major Delay,None,5
T0093,C1912,14-02-2025 09:34,14-02-2025 12:23,15-02-2025 19:55,East,L1 Support,A105,Morning,Medium,Data Correction,Chat,24,2.82,34.35,Yes,10.35,No,No,Resolved,No,Incomplete Customer Information,Customer Response,4
T0094,C1354,10-03-2025 14:33,10-03-2025 17:29,11-03-2025 23:47,West,L1 Support,A123,Afternoon,Medium,Order Delay,Phone,24,2.94,33.24,Yes,9.24,No,No,Resolved,No,Agent Capacity Constraint,Resolution,4
T0095,C1296,09-01-2025 09:38,09-01-2025 11:30,09-01-2025 17:50,North,Account Ops,A102,Morning,High,Payment Failure,Email,8,1.87,8.21,Yes,0.21,No,No,Resolved,No,Agent Capacity Constraint,Resolution,4
T0096,C1995,08-03-2025 11:26,08-03-2025 11:48,08-03-2025 17:58,Central,Billing Ops,A110,Morning,High,Subscription Change,Email,8,0.37,6.54,No,0,No,No,Resolved,No,No Major Delay,None,5
T0097,C1261,07-04-2025 16:30,07-04-2025 17:19,08-04-2025 02:15,West,Technical Ops,A120,Afternoon,High,Data Correction,Chat,8,0.83,9.76,Yes,1.76,Yes,No,Resolved,No,Technical Dependency,Escalation,3
T0098,C1985,19-03-2025 08:55,19-03-2025 11:22,20-03-2025 04:11,West,Technical Ops,A125,Morning,High,Data Correction,Chat,8,2.45,19.28,Yes,11.28,No,No,Closed,No,Approval Dependency,Approval,4
T0099,C1327,10-04-2025 12:24,10-04-2025 14:25,11-04-2025 02:36,West,L1 Support,A116,Morning,Medium,Order Delay,Portal,24,2.02,14.2,No,0,No,No,Closed,No,No Major Delay,None,5
T0100,C1781,30-04-2025 17:37,30-04-2025 18:53,01-05-2025 06:11,West,Billing Ops,A102,Afternoon,Low,Account Update,Email,48,1.28,12.57,No,0,No,No,Resolved,No,No Major Delay,None,5
T0101,C1154,28-04-2025 16:41,28-04-2025 18:45,01-05-2025 00:38,West,Billing Ops,A135,Afternoon,Low,Subscription Change,Phone,48,2.08,55.96,Yes,7.96,Yes,Yes,Resolved,No,Delayed Assignment,Assignment,2
T0102,C1634,10-03-2025 16:26,10-03-2025 18:12,11-03-2025 10:38,East,Escalations,A132,Afternoon,Critical,Technical Bug,Email,4,1.78,18.2,Yes,14.2,Yes,No,Resolved,No,Delayed Assignment,Assignment,4
T0103,C1660,29-01-2025 12:43,29-01-2025 15:37,31-01-2025 00:22,East,Escalations,A116,Morning,Medium,Order Delay,Chat,24,2.91,35.65,Yes,11.65,Yes,No,Closed,No,High Complexity,Diagnosis,3
T0104,C1306,29-04-2025 09:43,29-04-2025 13:07,01-05-2025 19:46,North,Technical Ops,A131,Morning,Low,Technical Bug,Chat,48,3.4,58.06,Yes,10.06,No,No,Closed,No,High Complexity,Diagnosis,4
T0105,C1334,30-03-2025 09:32,30-03-2025 10:42,,West,Account Ops,A109,Morning,High,Refund Request,Chat,8,1.17,,,,No,No,Pending,Yes,No Major Delay,None,
T0106,C1455,21-03-2025 12:51,21-03-2025 13:06,21-03-2025 18:19,West,Billing Ops,A125,Morning,Critical,Refund Request,Phone,4,0.26,5.48,Yes,1.48,Yes,No,Closed,No,Agent Capacity Constraint,Resolution,4
T0107,C1248,12-01-2025 13:35,12-01-2025 15:27,13-01-2025 01:57,South,Account Ops,A127,Morning,Medium,Refund Request,Email,24,1.87,12.38,No,0,No,No,Closed,No,No Major Delay,None,5
T0108,C1971,05-02-2025 14:19,05-02-2025 14:44,05-02-2025 23:17,West,Billing Ops,A105,Afternoon,Medium,Payment Failure,Email,24,0.42,8.98,No,0,No,No,Resolved,No,High Complexity,Diagnosis,5
T0109,C1954,19-03-2025 11:30,19-03-2025 14:24,20-03-2025 17:52,West,L1 Support,A109,Morning,Medium,Order Delay,Chat,24,2.9,30.37,Yes,6.37,No,No,Resolved,No,Agent Capacity Constraint,Resolution,4
T0110,C1075,27-01-2025 15:51,27-01-2025 20:07,28-01-2025 22:04,Central,Escalations,A130,Afternoon,Medium,Technical Bug,Email,24,4.28,30.23,Yes,6.23,Yes,No,Closed,No,Incomplete Customer Information,Customer Response,1
T0111,C1409,14-04-2025 16:38,14-04-2025 17:04,15-04-2025 15:33,Central,Technical Ops,A124,Afternoon,Medium,Technical Bug,Phone,24,0.44,22.93,No,0,No,Yes,Resolved,No,No Major Delay,None,4
T0112,C1425,30-03-2025 17:14,30-03-2025 18:51,01-04-2025 00:57,West,Billing Ops,A134,Afternoon,Low,Refund Request,Email,48,1.62,31.73,No,0,No,No,Resolved,No,Delayed Assignment,Assignment,5
T0113,C1565,26-02-2025 15:20,26-02-2025 15:44,01-03-2025 07:17,South,Technical Ops,A123,Afternoon,Low,Login/Access,Email,48,0.41,63.95,Yes,15.95,Yes,No,Resolved,No,Approval Dependency,Approval,3
T0114,C1333,05-04-2025 17:56,05-04-2025 19:47,06-04-2025 16:21,West,Technical Ops,A128,Afternoon,High,Technical Bug,Email,8,1.86,22.43,Yes,14.43,No,Yes,Resolved,No,Delayed Assignment,Assignment,2
T0115,C1244,14-02-2025 13:54,14-02-2025 14:34,14-02-2025 19:32,West,Technical Ops,A126,Morning,High,Login/Access,Phone,8,0.68,5.64,No,0,No,No,Resolved,No,No Major Delay,None,5
T0116,C1834,23-03-2025 16:44,23-03-2025 19:32,24-03-2025 14:41,South,Account Ops,A128,Afternoon,High,Payment Failure,Phone,8,2.81,21.95,Yes,13.95,No,No,Resolved,No,Incorrect Routing,Routing,4
T0117,C1274,12-04-2025 11:18,12-04-2025 12:07,13-04-2025 03:20,West,Technical Ops,A106,Morning,Medium,Technical Bug,Phone,24,0.83,16.04,No,0,No,No,Resolved,No,No Major Delay,None,5
T0118,C1142,17-04-2025 11:19,17-04-2025 12:57,22-04-2025 20:02,East,Escalations,A128,Morning,Low,Order Delay,Phone,48,1.64,128.72,Yes,80.72,Yes,No,Resolved,No,Approval Dependency,Approval,2
T0119,C1129,07-02-2025 12:36,07-02-2025 18:56,09-02-2025 08:12,North,Escalations,A121,Morning,Low,Order Delay,Phone,48,6.34,43.6,No,0,Yes,No,Closed,No,No Major Delay,None,4
T0120,C1335,18-02-2025 15:04,18-02-2025 17:43,,South,Billing Ops,A118,Afternoon,Medium,Payment Failure,Chat,24,2.66,,,,No,No,Pending,Yes,No Major Delay,None,
T0121,C1101,24-02-2025 11:31,24-02-2025 14:02,25-02-2025 04:28,North,Account Ops,A135,Morning,Medium,Order Delay,Chat,24,2.52,16.95,No,0,No,No,Resolved,No,No Major Delay,None,5
T0122,C1716,30-03-2025 10:56,30-03-2025 13:56,31-03-2025 10:22,North,Escalations,A128,Morning,Medium,Order Delay,Email,24,3.01,23.44,No,0,Yes,No,Resolved,No,No Major Delay,None,5
T0123,C1105,29-01-2025 16:43,29-01-2025 18:28,30-01-2025 12:20,North,Escalations,A105,Afternoon,Low,Account Update,Chat,48,1.76,19.62,No,0,Yes,No,Closed,No,Incomplete Customer Information,Customer Response,5
T0124,C1126,14-03-2025 08:39,14-03-2025 10:04,15-03-2025 01:53,South,Account Ops,A110,Morning,High,Subscription Change,Phone,8,1.43,17.24,Yes,9.24,No,No,Resolved,No,Delayed Assignment,Assignment,4
T0125,C1302,18-03-2025 17:46,18-03-2025 20:08,19-03-2025 15:16,West,Technical Ops,A106,Afternoon,Medium,Account Update,Email,24,2.38,21.5,No,0,No,No,Resolved,No,No Major Delay,None,5
T0126,C1014,02-01-2025 13:59,02-01-2025 17:26,03-01-2025 12:05,South,Escalations,A105,Morning,Medium,Order Delay,Phone,24,3.46,22.11,No,0,Yes,No,Resolved,No,Technical Dependency,Escalation,5
T0127,C1649,24-02-2025 14:05,24-02-2025 15:47,24-02-2025 22:17,North,L1 Support,A133,Afternoon,High,Login/Access,Portal,8,1.71,8.21,Yes,0.21,No,No,Resolved,No,Delayed Assignment,Assignment,4
T0128,C1842,15-01-2025 15:39,15-01-2025 16:58,19-01-2025 11:04,North,Technical Ops,A106,Afternoon,Low,Data Correction,Email,48,1.33,91.43,Yes,43.43,No,No,Resolved,No,Incorrect Routing,Routing,3
T0129,C1261,24-02-2025 12:33,24-02-2025 14:44,25-02-2025 04:02,South,Account Ops,A102,Morning,Medium,Payment Failure,Chat,24,2.19,15.49,No,0,No,No,Resolved,No,No Major Delay,None,5
T0130,C1689,02-03-2025 13:24,02-03-2025 17:18,06-03-2025 08:32,North,Escalations,A101,Morning,Low,Subscription Change,Email,48,3.9,91.14,Yes,43.14,Yes,No,Resolved,No,Agent Capacity Constraint,Resolution,3
T0131,C1791,09-02-2025 13:05,09-02-2025 14:29,10-02-2025 16:50,Central,Escalations,A119,Morning,Low,Payment Failure,Portal,48,1.4,27.75,No,0,Yes,No,Resolved,No,No Major Delay,None,5
T0132,C1728,14-02-2025 08:21,14-02-2025 10:54,,Central,Account Ops,A102,Morning,Low,Order Delay,Chat,48,2.55,,,,No,No,Pending,Yes,Agent Capacity Constraint,Resolution,
T0133,C1278,06-03-2025 10:40,06-03-2025 11:04,06-03-2025 20:52,South,Technical Ops,A106,Morning,High,Login/Access,Chat,8,0.41,10.2,Yes,2.2,Yes,No,Resolved,No,Agent Capacity Constraint,Resolution,3
T0134,C1721,22-02-2025 09:34,22-02-2025 11:55,22-02-2025 15:55,South,Billing Ops,A129,Morning,High,Subscription Change,Chat,8,2.36,6.35,No,0,No,No,Resolved,No,No Major Delay,None,5
T0135,C1843,03-02-2025 10:01,03-02-2025 12:36,05-02-2025 05:44,East,Technical Ops,A104,Morning,Medium,Login/Access,Email,24,2.59,43.72,Yes,19.72,No,Yes,Resolved,No,Delayed Assignment,Assignment,3
T0136,C1699,24-03-2025 15:51,24-03-2025 18:34,25-03-2025 16:42,North,Technical Ops,A105,Afternoon,Medium,Data Correction,Phone,24,2.73,24.86,Yes,0.86,Yes,No,Resolved,No,High Complexity,Diagnosis,3
T0137,C1821,20-03-2025 11:41,20-03-2025 13:02,21-03-2025 16:49,South,Billing Ops,A103,Morning,Medium,Account Update,Email,24,1.35,29.14,Yes,5.14,Yes,No,Resolved,No,Approval Dependency,Approval,3
T0138,C1102,06-03-2025 13:24,06-03-2025 13:40,,West,L1 Support,A123,Morning,Medium,Login/Access,Chat,24,0.27,,,,Yes,No,Pending,Yes,Technical Dependency,Escalation,
T0139,C1192,13-04-2025 14:22,13-04-2025 17:20,14-04-2025 09:32,Central,Account Ops,A115,Afternoon,High,Refund Request,Chat,8,2.98,19.18,Yes,11.18,Yes,No,Resolved,No,High Complexity,Diagnosis,4
T0140,C1600,03-01-2025 16:30,03-01-2025 19:57,04-01-2025 08:20,West,L1 Support,A115,Afternoon,Low,Order Delay,Phone,48,3.46,15.84,No,0,No,No,Resolved,No,No Major Delay,None,5
T0141,C1710,13-02-2025 12:20,13-02-2025 12:58,,North,Billing Ops,A126,Morning,Medium,Payment Failure,Chat,24,0.64,,,,No,No,Pending,Yes,No Major Delay,None,
T0142,C1763,04-04-2025 08:44,04-04-2025 10:21,08-04-2025 05:48,East,Technical Ops,A119,Morning,Low,Technical Bug,Email,48,1.62,93.08,Yes,45.08,No,No,Resolved,No,Technical Dependency,Escalation,4
T0143,C1423,03-02-2025 11:15,03-02-2025 12:01,03-02-2025 14:57,East,L1 Support,A122,Morning,Critical,Account Update,Email,4,0.77,3.71,No,0,Yes,No,Resolved,No,No Major Delay,None,5
T0144,C1346,10-01-2025 08:18,10-01-2025 09:13,,Central,Account Ops,A115,Morning,Medium,Account Update,Phone,24,0.93,,,,Yes,No,Pending,Yes,No Major Delay,None,
T0145,C1089,13-01-2025 13:13,13-01-2025 14:34,15-01-2025 23:32,West,L1 Support,A128,Morning,Medium,Technical Bug,Chat,24,1.35,58.33,Yes,34.33,Yes,No,Resolved,No,Technical Dependency,Escalation,3
T0146,C1269,02-03-2025 09:19,02-03-2025 10:50,02-03-2025 20:53,Central,Technical Ops,A119,Morning,High,Data Correction,Phone,8,1.52,11.58,Yes,3.58,No,No,Resolved,No,Agent Capacity Constraint,Resolution,4
T0147,C1487,22-02-2025 17:14,22-02-2025 19:47,23-02-2025 11:51,East,Billing Ops,A123,Afternoon,Medium,Refund Request,Phone,24,2.55,18.63,No,0,No,No,Closed,No,No Major Delay,None,5
T0148,C1744,07-04-2025 15:11,07-04-2025 15:51,08-04-2025 08:47,North,Account Ops,A110,Afternoon,High,Account Update,Phone,8,0.67,17.61,Yes,9.61,Yes,No,Resolved,No,Delayed Assignment,Assignment,2
T0149,C1798,21-03-2025 17:33,21-03-2025 18:11,22-03-2025 01:38,West,Technical Ops,A101,Afternoon,Low,Login/Access,Phone,48,0.64,8.09,No,0,No,No,Resolved,No,High Complexity,Diagnosis,5
T0150,C1763,02-03-2025 08:11,02-03-2025 08:47,02-03-2025 13:27,Central,Billing Ops,A132,Morning,High,Refund Request,Chat,8,0.6,5.28,No,0,Yes,No,Resolved,No,No Major Delay,None,5
T0151,C1452,29-03-2025 09:55,29-03-2025 10:57,30-03-2025 01:44,East,Billing Ops,A132,Morning,Medium,Refund Request,Email,24,1.04,15.83,No,0,No,No,Resolved,No,No Major Delay,None,5
T0152,C1517,01-04-2025 16:25,01-04-2025 21:15,02-04-2025 21:58,West,Escalations,A111,Afternoon,High,Order Delay,Chat,8,4.84,29.55,Yes,21.55,Yes,No,Closed,No,High Complexity,Diagnosis,2
T0153,C1693,14-02-2025 13:10,14-02-2025 14:05,16-02-2025 04:04,North,Billing Ops,A131,Morning,Medium,Subscription Change,Email,24,0.92,38.9,Yes,14.9,No,No,Resolved,No,Agent Capacity Constraint,Resolution,4
T0154,C1309,18-03-2025 08:14,18-03-2025 10:41,18-03-2025 23:45,Central,Technical Ops,A109,Morning,High,Data Correction,Email,8,2.45,15.53,Yes,7.53,No,No,Resolved,No,Agent Capacity Constraint,Resolution,4
T0155,C1697,14-01-2025 15:04,14-01-2025 17:11,16-01-2025 16:53,West,Escalations,A119,Afternoon,Medium,Order Delay,Phone,24,2.12,49.82,Yes,25.82,Yes,No,Resolved,No,Delayed Assignment,Assignment,2
T0156,C1860,15-03-2025 11:21,15-03-2025 12:10,15-03-2025 16:31,West,Technical Ops,A103,Morning,High,Login/Access,Portal,8,0.82,5.17,No,0,No,No,Closed,No,No Major Delay,None,5
T0157,C1481,26-04-2025 13:41,26-04-2025 14:52,27-04-2025 10:08,East,L1 Support,A112,Morning,Medium,Technical Bug,Email,24,1.19,20.45,No,0,No,No,Closed,No,No Major Delay,None,5
T0158,C1181,22-02-2025 08:55,22-02-2025 09:17,22-02-2025 20:40,Central,Technical Ops,A125,Morning,Critical,Data Correction,Portal,4,0.38,11.76,Yes,7.76,Yes,No,Resolved,No,High Complexity,Diagnosis,3
T0159,C1014,08-04-2025 09:08,08-04-2025 11:06,08-04-2025 14:52,West,L1 Support,A111,Morning,High,Login/Access,Email,8,1.97,5.74,No,0,No,Yes,Resolved,No,No Major Delay,None,4
T0160,C1350,14-01-2025 14:32,14-01-2025 15:21,,Central,L1 Support,A123,Afternoon,Low,Order Delay,Email,48,0.83,,,,No,No,Pending,Yes,No Major Delay,None,
T0161,C1608,17-01-2025 11:46,17-01-2025 13:47,18-01-2025 03:57,South,Technical Ops,A115,Morning,Low,Technical Bug,Email,48,2.02,16.19,No,0,No,No,Resolved,No,No Major Delay,None,5
T0162,C1523,20-01-2025 11:44,20-01-2025 12:00,21-01-2025 08:08,North,Technical Ops,A117,Morning,Low,Data Correction,Email,48,0.28,20.41,No,0,No,No,Closed,No,No Major Delay,None,5
T0163,C1091,26-01-2025 13:45,26-01-2025 14:24,27-01-2025 01:49,North,Technical Ops,A117,Morning,Medium,Login/Access,Chat,24,0.65,12.08,No,0,No,No,Resolved,No,No Major Delay,None,5
T0164,C1911,24-03-2025 11:29,24-03-2025 12:46,27-03-2025 18:17,West,L1 Support,A107,Morning,Low,Order Delay,Email,48,1.29,78.81,Yes,30.81,No,No,Closed,No,High Complexity,Diagnosis,4
T0165,C1743,13-02-2025 10:07,13-02-2025 11:59,13-02-2025 19:24,South,L1 Support,A106,Morning,Critical,Order Delay,Email,4,1.88,9.29,Yes,5.29,No,No,Resolved,No,High Complexity,Diagnosis,4
T0166,C1889,18-02-2025 13:39,18-02-2025 15:01,19-02-2025 05:11,South,Account Ops,A129,Morning,Critical,Subscription Change,Email,4,1.38,15.54,Yes,11.54,Yes,No,Resolved,No,Delayed Assignment,Assignment,3
T0167,C1503,04-04-2025 11:30,04-04-2025 14:51,06-04-2025 22:43,Central,Escalations,A107,Morning,Medium,Order Delay,Chat,24,3.36,59.23,Yes,35.23,Yes,No,Resolved,No,High Complexity,Diagnosis,4
T0168,C1810,26-02-2025 17:28,26-02-2025 19:04,27-02-2025 04:21,East,Billing Ops,A116,Afternoon,High,Refund Request,Email,8,1.6,10.89,Yes,2.89,Yes,No,Closed,No,Delayed Assignment,Assignment,3
T0169,C1382,15-04-2025 11:54,15-04-2025 15:24,17-04-2025 18:55,East,Escalations,A124,Morning,Medium,Technical Bug,Chat,24,3.51,55.02,Yes,31.02,Yes,No,Resolved,No,Agent Capacity Constraint,Resolution,2
T0170,C1461,30-04-2025 14:13,30-04-2025 16:36,01-05-2025 08:28,South,Technical Ops,A113,Afternoon,Medium,Login/Access,Phone,24,2.39,18.26,No,0,No,No,Closed,No,No Major Delay,None,5
T0171,C1623,03-03-2025 16:49,03-03-2025 17:31,05-03-2025 04:37,Central,L1 Support,A128,Afternoon,Medium,Technical Bug,Email,24,0.7,35.8,Yes,11.8,No,No,Resolved,No,Technical Dependency,Escalation,4
T0172,C1710,19-03-2025 16:19,19-03-2025 19:53,22-03-2025 23:56,East,Escalations,A109,Afternoon,Low,Order Delay,Phone,48,3.58,79.62,Yes,31.62,Yes,No,Resolved,No,Delayed Assignment,Assignment,3
T0173,C1803,19-04-2025 14:51,19-04-2025 16:36,20-04-2025 07:01,East,Escalations,A135,Afternoon,Medium,Order Delay,Phone,24,1.76,16.17,No,0,Yes,No,Resolved,No,Incorrect Routing,Routing,5
T0174,C1761,13-03-2025 14:15,13-03-2025 16:40,14-03-2025 11:32,North,Account Ops,A115,Afternoon,High,Order Delay,Phone,8,2.43,21.29,Yes,13.29,No,No,Resolved,No,Incomplete Customer Information,Customer Response,3
T0175,C1866,26-01-2025 11:18,26-01-2025 14:15,27-01-2025 02:16,West,L1 Support,A135,Morning,High,Data Correction,Chat,8,2.95,14.98,Yes,6.98,Yes,Yes,Resolved,No,Agent Capacity Constraint,Resolution,3
T0176,C1413,15-03-2025 16:22,15-03-2025 18:32,15-03-2025 22:51,South,Billing Ops,A120,Afternoon,High,Refund Request,Email,8,2.18,6.49,No,0,No,No,Resolved,No,No Major Delay,None,5
T0177,C1815,13-03-2025 08:07,13-03-2025 09:03,13-03-2025 12:08,South,Billing Ops,A134,Morning,Critical,Payment Failure,Chat,4,0.94,4.03,Yes,0.03,No,No,Resolved,No,Incomplete Customer Information,Customer Response,4
T0178,C1007,07-03-2025 15:31,07-03-2025 18:54,08-03-2025 03:55,Central,Account Ops,A124,Afternoon,Low,Account Update,Chat,48,3.39,12.4,No,0,No,No,Resolved,No,No Major Delay,None,5
T0179,C1461,10-01-2025 10:01,10-01-2025 11:08,11-01-2025 19:19,South,Billing Ops,A128,Morning,Medium,Payment Failure,Chat,24,1.13,33.3,Yes,9.3,No,No,Resolved,No,Agent Capacity Constraint,Resolution,4
T0180,C1676,16-03-2025 08:44,16-03-2025 09:56,17-03-2025 10:21,North,L1 Support,A105,Morning,Medium,Account Update,Phone,24,1.2,25.62,Yes,1.62,No,No,Resolved,No,Approval Dependency,Approval,4
T0181,C1743,24-04-2025 13:00,24-04-2025 14:08,24-04-2025 17:18,South,Billing Ops,A110,Morning,Critical,Payment Failure,Email,4,1.14,4.31,Yes,0.31,No,No,Resolved,No,Agent Capacity Constraint,Resolution,3
T0182,C1365,24-01-2025 17:54,24-01-2025 20:12,,Central,Account Ops,A117,Afternoon,High,Account Update,Email,8,2.3,,,,Yes,No,Pending,Yes,Agent Capacity Constraint,Resolution,
T0183,C1339,26-03-2025 12:44,26-03-2025 14:30,27-03-2025 06:57,North,Technical Ops,A129,Morning,High,Data Correction,Email,8,1.78,18.23,Yes,10.23,Yes,No,Resolved,No,Technical Dependency,Escalation,4
T0184,C1217,20-04-2025 10:57,20-04-2025 12:07,22-04-2025 21:05,East,Technical Ops,A106,Morning,Low,Technical Bug,Chat,48,1.17,58.14,Yes,10.14,No,Yes,Closed,No,Incomplete Customer Information,Customer Response,3
T0185,C1526,17-03-2025 12:08,17-03-2025 14:10,18-03-2025 12:38,Central,Technical Ops,A115,Morning,Low,Technical Bug,Chat,48,2.04,24.5,No,0,No,No,Resolved,No,No Major Delay,None,5
T0186,C1040,06-01-2025 11:48,06-01-2025 12:10,06-01-2025 20:39,Central,Account Ops,A131,Morning,High,Payment Failure,Portal,8,0.38,8.86,Yes,0.86,No,No,Closed,No,Technical Dependency,Escalation,4
T0187,C1498,18-02-2025 13:37,18-02-2025 16:47,19-02-2025 13:35,Central,Account Ops,A112,Morning,Low,Refund Request,Chat,48,3.17,23.98,No,0,No,No,Closed,No,No Major Delay,None,5
T0188,C1490,28-01-2025 10:11,28-01-2025 12:32,29-01-2025 20:17,North,Billing Ops,A133,Morning,Low,Subscription Change,Phone,48,2.36,34.1,No,0,No,No,Resolved,No,High Complexity,Diagnosis,5
T0189,C1677,06-01-2025 17:09,06-01-2025 18:04,06-01-2025 20:51,West,Account Ops,A109,Afternoon,High,Payment Failure,Email,8,0.92,3.71,No,0,No,No,Resolved,No,Delayed Assignment,Assignment,5
T0190,C1387,12-04-2025 17:52,12-04-2025 20:17,13-04-2025 16:53,South,Billing Ops,A127,Afternoon,Low,Subscription Change,Phone,48,2.43,23.02,No,0,No,No,Resolved,No,No Major Delay,None,5
T0191,C1793,26-04-2025 17:38,26-04-2025 20:01,27-04-2025 08:15,South,L1 Support,A107,Afternoon,Medium,Login/Access,Phone,24,2.39,14.63,No,0,Yes,No,Closed,No,No Major Delay,None,5
T0192,C1931,13-04-2025 15:50,13-04-2025 17:00,14-04-2025 14:23,West,Account Ops,A128,Afternoon,Medium,Account Update,Phone,24,1.18,22.56,No,0,No,No,Closed,No,No Major Delay,None,5
T0193,C1696,18-02-2025 11:44,18-02-2025 13:24,20-02-2025 02:45,Central,Account Ops,A108,Morning,Low,Refund Request,Phone,48,1.68,39.03,No,0,Yes,No,Resolved,No,No Major Delay,None,5
T0194,C1346,09-02-2025 17:22,09-02-2025 18:40,10-02-2025 19:29,Central,Account Ops,A131,Afternoon,Medium,Payment Failure,Chat,24,1.31,26.12,Yes,2.12,No,No,Resolved,No,Delayed Assignment,Assignment,3
T0195,C1611,18-03-2025 14:05,18-03-2025 15:06,18-03-2025 22:20,North,L1 Support,A110,Afternoon,Low,Technical Bug,Email,48,1.03,8.25,No,0,No,No,Resolved,No,No Major Delay,None,5
T0196,C1205,05-01-2025 17:32,05-01-2025 18:05,06-01-2025 03:00,South,Account Ops,A134,Afternoon,Critical,Order Delay,Chat,4,0.55,9.47,Yes,5.47,No,No,Resolved,No,Agent Capacity Constraint,Resolution,4
T0197,C1832,15-04-2025 12:14,15-04-2025 12:58,16-04-2025 15:52,North,Account Ops,A123,Morning,Medium,Order Delay,Portal,24,0.74,27.64,Yes,3.64,Yes,Yes,Closed,No,Agent Capacity Constraint,Resolution,2
T0198,C1978,25-04-2025 17:55,25-04-2025 18:34,25-04-2025 23:02,West,Account Ops,A130,Afternoon,Low,Refund Request,Portal,48,0.66,5.12,No,0,No,No,Resolved,No,No Major Delay,None,5
T0199,C1856,15-02-2025 11:57,15-02-2025 12:39,17-02-2025 16:13,East,Technical Ops,A112,Morning,Medium,Technical Bug,Email,24,0.71,52.28,Yes,28.28,Yes,No,Closed,No,Agent Capacity Constraint,Resolution,4
T0200,C1286,19-04-2025 15:23,19-04-2025 16:57,20-04-2025 11:54,North,Account Ops,A135,Afternoon,Medium,Payment Failure,Email,24,1.58,20.53,No,0,No,No,Closed,No,No Major Delay,None,5
T0201,C1482,20-02-2025 10:29,20-02-2025 12:38,22-02-2025 19:43,South,Account Ops,A103,Morning,Medium,Order Delay,Email,24,2.16,57.24,Yes,33.24,Yes,No,Resolved,No,Agent Capacity Constraint,Resolution,2
T0202,C1200,05-02-2025 15:11,05-02-2025 18:51,06-02-2025 21:50,South,Technical Ops,A124,Afternoon,Low,Account Update,Phone,48,3.68,30.65,No,0,No,No,Closed,No,No Major Delay,None,5
T0203,C1266,10-02-2025 15:19,10-02-2025 17:55,11-02-2025 00:38,South,Billing Ops,A134,Afternoon,High,Subscription Change,Phone,8,2.6,9.32,Yes,1.32,Yes,No,Resolved,No,High Complexity,Diagnosis,3
T0204,C1627,25-03-2025 16:11,25-03-2025 18:20,27-03-2025 09:54,East,Escalations,A113,Afternoon,Medium,Technical Bug,Email,24,2.15,41.73,Yes,17.73,Yes,No,Resolved,No,Incorrect Routing,Routing,3
T0205,C1717,19-03-2025 14:17,19-03-2025 16:40,21-03-2025 13:21,North,L1 Support,A119,Afternoon,Medium,Order Delay,Email,24,2.39,47.07,Yes,23.07,Yes,No,Closed,No,Delayed Assignment,Assignment,3
T0206,C1134,09-03-2025 09:06,09-03-2025 09:43,09-03-2025 22:59,West,Billing Ops,A102,Morning,Medium,Payment Failure,Email,24,0.63,13.89,No,0,No,No,Resolved,No,No Major Delay,None,5
T0207,C1654,11-03-2025 12:35,11-03-2025 17:23,12-03-2025 04:01,North,Escalations,A130,Morning,Medium,Payment Failure,Chat,24,4.81,15.44,No,0,Yes,No,Resolved,No,No Major Delay,None,4
T0208,C1784,08-02-2025 08:00,08-02-2025 10:19,08-02-2025 17:06,West,Billing Ops,A127,Morning,Medium,Subscription Change,Phone,24,2.32,9.1,No,0,No,No,Resolved,No,No Major Delay,None,5
T0209,C1544,21-01-2025 14:53,21-01-2025 15:49,23-01-2025 05:02,South,Billing Ops,A128,Afternoon,Medium,Refund Request,Chat,24,0.94,38.15,Yes,14.15,No,No,Resolved,No,Incomplete Customer Information,Customer Response,4
T0210,C1430,21-03-2025 15:12,21-03-2025 19:01,23-03-2025 23:37,North,Escalations,A129,Afternoon,Low,Account Update,Email,48,3.83,56.43,Yes,8.43,Yes,Yes,Resolved,No,Delayed Assignment,Assignment,2
T0211,C1034,10-04-2025 14:04,10-04-2025 14:46,11-04-2025 14:37,East,L1 Support,A110,Afternoon,High,Order Delay,Phone,8,0.71,24.56,Yes,16.56,No,No,Resolved,No,Incorrect Routing,Routing,4
T0212,C1015,21-01-2025 08:47,21-01-2025 10:26,21-01-2025 23:24,North,L1 Support,A120,Morning,High,Order Delay,Phone,8,1.66,14.63,Yes,6.63,No,No,Resolved,No,Delayed Assignment,Assignment,3
T0213,C1660,20-01-2025 13:49,20-01-2025 14:27,20-01-2025 16:51,North,Account Ops,A131,Morning,High,Refund Request,Phone,8,0.64,3.04,No,0,No,No,Resolved,No,No Major Delay,None,5
T0214,C1556,26-02-2025 11:01,26-02-2025 12:13,26-02-2025 23:59,North,L1 Support,A123,Morning,High,Technical Bug,Email,8,1.2,12.98,Yes,4.98,No,No,Resolved,No,Incomplete Customer Information,Customer Response,4
T0215,C1838,07-02-2025 12:34,07-02-2025 12:46,,East,L1 Support,A134,Morning,High,Order Delay,Chat,8,0.2,,,,No,No,Pending,Yes,High Complexity,Diagnosis,
T0216,C1050,08-03-2025 09:02,08-03-2025 09:35,09-03-2025 22:30,West,Technical Ops,A121,Morning,Medium,Technical Bug,Chat,24,0.56,37.47,Yes,13.47,No,No,Resolved,No,Technical Dependency,Escalation,3
T0217,C1236,23-03-2025 08:23,23-03-2025 12:32,24-03-2025 22:04,North,Escalations,A106,Morning,Medium,Technical Bug,Email,24,4.16,37.69,Yes,13.69,Yes,Yes,Resolved,No,Agent Capacity Constraint,Resolution,2
T0218,C1453,09-04-2025 17:22,09-04-2025 19:32,,Central,Account Ops,A127,Afternoon,Medium,Payment Failure,Chat,24,2.17,,,,No,No,Pending,Yes,Incomplete Customer Information,Customer Response,
T0219,C1743,11-02-2025 17:15,11-02-2025 18:15,13-02-2025 00:07,Central,Billing Ops,A128,Afternoon,Low,Subscription Change,Portal,48,1,30.87,No,0,No,No,Resolved,No,No Major Delay,None,5
T0220,C1596,10-02-2025 08:49,10-02-2025 10:12,10-02-2025 19:14,North,Billing Ops,A115,Morning,Critical,Refund Request,Phone,4,1.39,10.43,Yes,6.43,Yes,Yes,Resolved,No,Agent Capacity Constraint,Resolution,2
T0221,C1836,23-01-2025 15:52,23-01-2025 18:02,24-01-2025 03:17,East,Account Ops,A121,Afternoon,High,Refund Request,Email,8,2.17,11.43,Yes,3.43,Yes,No,Resolved,No,Agent Capacity Constraint,Resolution,3
T0222,C1227,09-03-2025 08:20,09-03-2025 10:27,09-03-2025 23:53,North,Escalations,A125,Morning,Medium,Subscription Change,Chat,24,2.12,15.56,No,0,Yes,No,Resolved,No,No Major Delay,None,5
T0223,C1331,21-02-2025 16:27,21-02-2025 17:46,22-02-2025 18:44,South,Escalations,A126,Afternoon,Medium,Order Delay,Email,24,1.33,26.29,Yes,2.29,Yes,No,Closed,No,Agent Capacity Constraint,Resolution,3
T0224,C1248,04-01-2025 12:10,04-01-2025 14:05,07-01-2025 09:29,North,Technical Ops,A123,Morning,Medium,Technical Bug,Chat,24,1.93,69.33,Yes,45.33,Yes,No,Resolved,No,High Complexity,Diagnosis,4
T0225,C1679,27-01-2025 16:13,27-01-2025 18:17,28-01-2025 09:07,East,Billing Ops,A131,Afternoon,Low,Subscription Change,Email,48,2.08,16.91,No,0,Yes,No,Resolved,No,Delayed Assignment,Assignment,5
T0226,C1389,02-01-2025 09:24,02-01-2025 11:27,03-01-2025 05:09,North,Billing Ops,A130,Morning,Medium,Refund Request,Email,24,2.06,19.76,No,0,Yes,No,Resolved,No,No Major Delay,None,5
T0227,C1640,13-03-2025 08:02,13-03-2025 09:42,14-03-2025 16:31,East,L1 Support,A133,Morning,Medium,Order Delay,Phone,24,1.68,32.49,Yes,8.49,Yes,No,Closed,No,Agent Capacity Constraint,Resolution,2
T0228,C1337,20-02-2025 10:05,20-02-2025 11:44,20-02-2025 22:05,North,Billing Ops,A110,Morning,High,Account Update,Portal,8,1.66,12.01,Yes,4.01,No,No,Closed,No,Technical Dependency,Escalation,4
T0229,C1121,26-04-2025 16:58,26-04-2025 22:24,27-04-2025 10:29,South,Escalations,A120,Afternoon,Medium,Payment Failure,Phone,24,5.44,17.53,No,0,Yes,No,Closed,No,No Major Delay,None,4
T0230,C1367,30-04-2025 12:09,30-04-2025 12:39,30-04-2025 23:33,South,Account Ops,A120,Morning,High,Order Delay,Chat,8,0.5,11.41,Yes,3.41,Yes,No,Resolved,No,Agent Capacity Constraint,Resolution,4
T0231,C1977,18-01-2025 10:12,18-01-2025 11:04,18-01-2025 23:38,South,L1 Support,A125,Morning,Critical,Order Delay,Phone,4,0.87,13.44,Yes,9.44,Yes,No,Resolved,No,Agent Capacity Constraint,Resolution,4
T0232,C1846,16-04-2025 14:46,16-04-2025 17:09,18-04-2025 04:56,West,L1 Support,A103,Afternoon,Low,Order Delay,Chat,48,2.39,38.17,No,0,No,No,Resolved,No,No Major Delay,None,5
T0233,C1661,07-01-2025 11:18,07-01-2025 17:12,08-01-2025 12:42,South,Escalations,A134,Morning,Low,Order Delay,Phone,48,5.9,25.41,No,0,Yes,No,Resolved,No,No Major Delay,None,4
T0234,C1116,04-01-2025 10:29,04-01-2025 12:41,05-01-2025 02:02,North,L1 Support,A127,Morning,Medium,Order Delay,Email,24,2.2,15.56,No,0,No,No,Resolved,No,No Major Delay,None,5
T0235,C1456,18-02-2025 08:49,18-02-2025 09:57,20-02-2025 00:55,North,L1 Support,A111,Morning,Medium,Data Correction,Phone,24,1.14,40.1,Yes,16.1,No,Yes,Closed,No,Agent Capacity Constraint,Resolution,2
T0236,C1570,11-03-2025 08:38,11-03-2025 09:30,11-03-2025 19:34,South,Billing Ops,A132,Morning,High,Payment Failure,Portal,8,0.87,10.94,Yes,2.94,Yes,No,Resolved,No,Agent Capacity Constraint,Resolution,2
T0237,C1586,18-04-2025 17:19,18-04-2025 17:52,18-04-2025 23:50,South,Billing Ops,A103,Afternoon,Low,Payment Failure,Email,48,0.56,6.52,No,0,Yes,No,Resolved,No,No Major Delay,None,5
T0238,C1111,25-04-2025 14:52,25-04-2025 16:37,28-04-2025 21:39,West,Billing Ops,A120,Afternoon,Low,Payment Failure,Chat,48,1.75,78.79,Yes,30.79,Yes,No,Resolved,No,Technical Dependency,Escalation,3
T0239,C1624,19-04-2025 13:16,19-04-2025 17:27,20-04-2025 03:04,Central,Escalations,A119,Morning,Medium,Subscription Change,Portal,24,4.19,13.8,No,0,Yes,No,Resolved,No,No Major Delay,None,4
T0240,C1116,23-02-2025 14:02,23-02-2025 15:48,24-02-2025 01:24,South,Account Ops,A114,Afternoon,High,Refund Request,Email,8,1.77,11.38,Yes,3.38,Yes,No,Closed,No,Agent Capacity Constraint,Resolution,2
T0241,C1950,13-02-2025 15:58,13-02-2025 16:16,13-02-2025 22:22,Central,Billing Ops,A113,Afternoon,Medium,Account Update,Chat,24,0.3,6.41,No,0,No,No,Closed,No,No Major Delay,None,5
T0242,C1278,12-02-2025 13:04,12-02-2025 14:37,15-02-2025 18:12,East,Escalations,A114,Morning,Medium,Order Delay,Phone,24,1.55,77.14,Yes,53.14,Yes,No,Resolved,No,High Complexity,Diagnosis,2
T0243,C1892,17-02-2025 08:49,17-02-2025 09:16,19-02-2025 03:39,South,Technical Ops,A120,Morning,Medium,Technical Bug,Phone,24,0.46,42.84,Yes,18.84,No,No,Resolved,No,Agent Capacity Constraint,Resolution,4
T0244,C1328,09-02-2025 08:43,09-02-2025 10:26,09-02-2025 18:05,Central,Billing Ops,A134,Morning,Critical,Subscription Change,Chat,4,1.72,9.37,Yes,5.37,No,Yes,Closed,No,High Complexity,Diagnosis,2
T0245,C1051,02-01-2025 17:35,02-01-2025 18:21,03-01-2025 09:20,Central,Billing Ops,A111,Afternoon,High,Refund Request,Email,8,0.78,15.75,Yes,7.75,Yes,No,Resolved,No,Delayed Assignment,Assignment,2
T0246,C1466,09-02-2025 13:52,09-02-2025 16:11,10-02-2025 00:22,North,Technical Ops,A129,Morning,High,Technical Bug,Email,8,2.32,10.51,Yes,2.51,No,No,Resolved,No,Delayed Assignment,Assignment,3
T0247,C1415,20-02-2025 10:44,20-02-2025 14:05,21-02-2025 04:15,West,Escalations,A117,Morning,High,Data Correction,Phone,8,3.35,17.52,Yes,9.52,Yes,No,Resolved,No,Agent Capacity Constraint,Resolution,4
T0248,C1241,31-01-2025 17:15,31-01-2025 22:29,02-02-2025 02:57,East,Escalations,A126,Afternoon,Low,Order Delay,Phone,48,5.24,33.7,No,0,Yes,No,Resolved,No,No Major Delay,None,4
T0249,C1924,23-01-2025 12:25,23-01-2025 12:55,24-01-2025 02:40,Central,Technical Ops,A107,Morning,High,Data Correction,Chat,8,0.5,14.25,Yes,6.25,No,No,Closed,No,Delayed Assignment,Assignment,4
T0250,C1413,29-03-2025 13:19,29-03-2025 16:46,,South,L1 Support,A129,Morning,Low,Order Delay,Chat,48,3.45,,,,No,No,Pending,Yes,Delayed Assignment,Assignment,
T0251,C1863,06-02-2025 08:15,06-02-2025 10:34,07-02-2025 22:03,North,L1 Support,A123,Morning,Low,Order Delay,Phone,48,2.32,37.8,No,0,No,No,Resolved,No,Incorrect Routing,Routing,5
T0252,C1184,19-01-2025 15:42,19-01-2025 19:25,20-01-2025 07:38,South,L1 Support,A105,Afternoon,Low,Order Delay,Email,48,3.72,15.94,No,0,No,No,Resolved,No,No Major Delay,None,5
T0253,C1707,19-04-2025 11:45,19-04-2025 14:41,20-04-2025 06:52,West,Escalations,A101,Morning,Medium,Account Update,Phone,24,2.94,19.12,No,0,Yes,No,Resolved,No,High Complexity,Diagnosis,5
T0254,C1480,20-03-2025 09:15,20-03-2025 12:18,21-03-2025 06:03,Central,Escalations,A106,Morning,Critical,Order Delay,Portal,4,3.05,20.81,Yes,16.81,Yes,No,Resolved,No,High Complexity,Diagnosis,3
T0255,C1129,14-03-2025 12:03,14-03-2025 13:52,15-03-2025 01:43,East,Billing Ops,A120,Morning,Medium,Refund Request,Portal,24,1.82,13.67,No,0,No,No,Resolved,No,Delayed Assignment,Assignment,5
T0256,C1990,19-03-2025 10:58,19-03-2025 11:35,,East,Account Ops,A101,Morning,Medium,Order Delay,Email,24,0.62,,,,No,No,Pending,Yes,Approval Dependency,Approval,
T0257,C1722,03-04-2025 10:13,03-04-2025 12:46,04-04-2025 00:46,South,Account Ops,A116,Morning,High,Subscription Change,Chat,8,2.56,14.56,Yes,6.56,Yes,No,Resolved,No,Technical Dependency,Escalation,4
T0258,C1598,29-03-2025 08:06,29-03-2025 10:04,30-03-2025 20:20,Central,Billing Ops,A121,Morning,Medium,Refund Request,Chat,24,1.98,36.24,Yes,12.24,No,No,Resolved,No,Agent Capacity Constraint,Resolution,4
T0259,C1122,02-01-2025 08:53,02-01-2025 11:47,04-01-2025 14:59,South,Escalations,A112,Morning,Medium,Order Delay,Chat,24,2.9,54.11,Yes,30.11,Yes,Yes,Resolved,No,Incomplete Customer Information,Customer Response,3
T0260,C1799,31-03-2025 10:16,31-03-2025 11:35,31-03-2025 19:19,West,L1 Support,A112,Morning,Critical,Technical Bug,Chat,4,1.33,9.05,Yes,5.05,No,No,Resolved,No,Incomplete Customer Information,Customer Response,4
T0261,C1745,09-01-2025 15:59,09-01-2025 16:49,10-01-2025 06:13,West,Account Ops,A117,Afternoon,Critical,Order Delay,Phone,4,0.84,14.24,Yes,10.24,Yes,No,Resolved,No,Agent Capacity Constraint,Resolution,4
T0262,C1837,12-02-2025 14:36,12-02-2025 16:46,,West,L1 Support,A118,Afternoon,High,Technical Bug,Email,8,2.18,,,,No,Yes,Pending,Yes,Agent Capacity Constraint,Resolution,
T0263,C1109,20-04-2025 13:05,20-04-2025 15:59,22-04-2025 05:35,Central,Billing Ops,A106,Morning,Low,Payment Failure,Portal,48,2.91,40.51,No,0,No,No,Resolved,No,No Major Delay,None,5
T0264,C1057,04-01-2025 17:15,04-01-2025 17:37,05-01-2025 07:28,North,Billing Ops,A109,Afternoon,Medium,Account Update,Chat,24,0.38,14.22,No,0,No,No,Resolved,No,No Major Delay,None,5
T0265,C1174,16-03-2025 11:59,16-03-2025 15:43,17-03-2025 10:36,West,Escalations,A135,Morning,High,Order Delay,Email,8,3.74,22.63,Yes,14.63,Yes,Yes,Resolved,No,Incomplete Customer Information,Customer Response,3
T0266,C1064,14-04-2025 14:20,14-04-2025 16:58,15-04-2025 14:50,North,Technical Ops,A113,Afternoon,Low,Login/Access,Email,48,2.64,24.51,No,0,No,No,Resolved,No,Agent Capacity Constraint,Resolution,5
T0267,C1211,12-04-2025 17:24,12-04-2025 17:38,13-04-2025 02:43,West,Billing Ops,A103,Afternoon,High,Payment Failure,Email,8,0.24,9.33,Yes,1.33,No,No,Resolved,No,Technical Dependency,Escalation,4
T0268,C1475,20-03-2025 09:40,20-03-2025 10:42,21-03-2025 07:31,West,Account Ops,A112,Morning,High,Refund Request,Phone,8,1.04,21.85,Yes,13.85,No,No,Resolved,No,Approval Dependency,Approval,3
T0269,C1180,21-01-2025 08:03,21-01-2025 09:18,22-01-2025 07:48,East,L1 Support,A131,Morning,Low,Data Correction,Email,48,1.25,23.75,No,0,No,Yes,Closed,No,No Major Delay,None,4
T0270,C1496,06-04-2025 13:14,06-04-2025 14:20,06-04-2025 16:46,Central,L1 Support,A121,Morning,High,Login/Access,Email,8,1.11,3.54,No,0,No,No,Resolved,No,No Major Delay,None,5
T0271,C1808,03-04-2025 11:40,03-04-2025 13:02,04-04-2025 02:04,South,Escalations,A124,Morning,Critical,Account Update,Portal,4,1.38,14.41,Yes,10.41,Yes,No,Resolved,No,High Complexity,Diagnosis,3
T0272,C1919,28-01-2025 17:30,28-01-2025 18:43,31-01-2025 15:42,South,Billing Ops,A134,Afternoon,Low,Subscription Change,Phone,48,1.23,70.2,Yes,22.2,Yes,No,Closed,No,Approval Dependency,Approval,3
T0273,C1092,14-04-2025 09:28,14-04-2025 09:44,14-04-2025 12:38,North,Billing Ops,A134,Morning,Critical,Subscription Change,Portal,4,0.28,3.18,No,0,No,No,Resolved,No,No Major Delay,None,5
T0274,C1276,18-01-2025 14:11,18-01-2025 14:59,19-01-2025 00:36,South,Technical Ops,A130,Afternoon,Critical,Data Correction,Chat,4,0.8,10.42,Yes,6.42,Yes,No,Resolved,No,Agent Capacity Constraint,Resolution,3
T0275,C1726,08-01-2025 16:58,08-01-2025 19:39,09-01-2025 04:29,Central,L1 Support,A122,Afternoon,Medium,Technical Bug,Chat,24,2.69,11.52,No,0,No,No,Resolved,No,No Major Delay,None,5
T0276,C1125,08-04-2025 11:20,08-04-2025 12:31,09-04-2025 15:17,East,Account Ops,A114,Morning,Low,Payment Failure,Email,48,1.19,27.95,No,0,Yes,No,Resolved,No,No Major Delay,None,5
T0277,C1426,24-04-2025 15:05,24-04-2025 17:47,26-04-2025 14:17,Central,L1 Support,A105,Afternoon,Medium,Technical Bug,Chat,24,2.71,47.2,Yes,23.2,No,No,Resolved,No,Technical Dependency,Escalation,3
T0278,C1919,13-04-2025 11:53,13-04-2025 14:23,15-04-2025 22:15,South,Technical Ops,A105,Morning,Low,Technical Bug,Phone,48,2.51,58.37,Yes,10.37,No,No,Resolved,No,Technical Dependency,Escalation,4
T0279,C1119,06-02-2025 15:10,06-02-2025 15:58,07-02-2025 15:22,East,Account Ops,A104,Afternoon,Low,Payment Failure,Email,48,0.81,24.21,No,0,No,No,Resolved,No,No Major Delay,None,5
T0280,C1993,14-02-2025 10:23,14-02-2025 12:17,14-02-2025 16:38,South,Account Ops,A103,Morning,Critical,Refund Request,Phone,4,1.91,6.25,Yes,2.25,No,No,Resolved,No,Incorrect Routing,Routing,4
T0281,C1656,04-04-2025 15:21,04-04-2025 19:54,06-04-2025 00:50,East,Escalations,A110,Afternoon,Medium,Subscription Change,Chat,24,4.55,33.49,Yes,9.49,Yes,No,Resolved,No,Technical Dependency,Escalation,2
T0282,C1315,20-02-2025 11:31,20-02-2025 13:24,21-02-2025 09:12,East,L1 Support,A106,Morning,High,Technical Bug,Email,8,1.89,21.69,Yes,13.69,No,No,Resolved,No,Agent Capacity Constraint,Resolution,4
T0283,C1419,04-04-2025 14:46,04-04-2025 15:30,06-04-2025 19:35,North,Account Ops,A119,Afternoon,Low,Order Delay,Email,48,0.74,52.83,Yes,4.83,No,Yes,Resolved,No,Incorrect Routing,Routing,3
T0284,C1914,04-03-2025 08:52,04-03-2025 11:24,06-03-2025 01:16,South,Billing Ops,A125,Morning,Medium,Refund Request,Phone,24,2.54,40.4,Yes,16.4,Yes,No,Resolved,No,High Complexity,Diagnosis,4
T0285,C1472,16-02-2025 17:30,16-02-2025 21:53,17-02-2025 15:27,South,Escalations,A105,Afternoon,High,Payment Failure,Email,8,4.39,21.95,Yes,13.95,Yes,No,Resolved,No,High Complexity,Diagnosis,3
T0286,C1819,30-04-2025 09:32,30-04-2025 11:59,01-05-2025 17:48,South,Billing Ops,A119,Morning,Low,Payment Failure,Email,48,2.45,32.28,No,0,Yes,No,Closed,No,No Major Delay,None,5
T0287,C1719,10-04-2025 15:26,10-04-2025 18:11,11-04-2025 12:21,East,Technical Ops,A134,Afternoon,High,Data Correction,Email,8,2.75,20.92,Yes,12.92,No,No,Resolved,No,Technical Dependency,Escalation,3
T0288,C1214,30-03-2025 13:08,30-03-2025 18:36,02-04-2025 12:11,West,Escalations,A131,Morning,Low,Login/Access,Portal,48,5.48,71.05,Yes,23.05,Yes,No,Resolved,No,Approval Dependency,Approval,3
T0289,C1922,26-03-2025 16:37,26-03-2025 17:08,26-03-2025 21:35,North,Technical Ops,A107,Afternoon,High,Login/Access,Email,8,0.53,4.97,No,0,No,No,Resolved,No,No Major Delay,None,5
T0290,C1101,20-04-2025 16:49,20-04-2025 19:20,,North,Escalations,A123,Afternoon,High,Data Correction,Email,8,2.52,,,,Yes,No,Pending,Yes,Approval Dependency,Approval,
T0291,C1041,15-02-2025 14:27,15-02-2025 15:30,17-02-2025 04:01,West,Account Ops,A107,Afternoon,Low,Subscription Change,Phone,48,1.05,37.58,No,0,Yes,No,Resolved,No,No Major Delay,None,5
T0292,C1087,22-02-2025 12:54,22-02-2025 14:35,23-02-2025 09:25,West,L1 Support,A129,Morning,Critical,Technical Bug,Email,4,1.69,20.53,Yes,16.53,No,No,Resolved,No,Agent Capacity Constraint,Resolution,3
T0293,C1279,26-01-2025 13:12,26-01-2025 16:10,26-01-2025 18:42,Central,Billing Ops,A105,Morning,High,Account Update,Portal,8,2.97,5.51,No,0,No,No,Resolved,No,No Major Delay,None,5
T0294,C1619,09-04-2025 15:06,09-04-2025 17:03,10-04-2025 14:09,West,Account Ops,A133,Afternoon,Low,Order Delay,Phone,48,1.96,23.05,No,0,No,No,Resolved,No,Delayed Assignment,Assignment,5
T0295,C1385,26-03-2025 15:31,26-03-2025 17:14,28-03-2025 16:47,Central,Account Ops,A130,Afternoon,Medium,Payment Failure,Chat,24,1.72,49.28,Yes,25.28,No,No,Resolved,No,Delayed Assignment,Assignment,4
T0296,C1057,18-01-2025 12:45,18-01-2025 16:43,19-01-2025 08:29,South,Escalations,A111,Morning,Medium,Login/Access,Phone,24,3.98,19.74,No,0,Yes,No,Resolved,No,No Major Delay,None,5
T0297,C1663,17-01-2025 13:22,17-01-2025 15:12,19-01-2025 06:01,West,Technical Ops,A102,Morning,Medium,Technical Bug,Chat,24,1.84,40.65,Yes,16.65,No,No,Resolved,No,Delayed Assignment,Assignment,4
T0298,C1691,26-03-2025 14:36,26-03-2025 15:58,27-03-2025 03:09,North,Technical Ops,A121,Afternoon,High,Login/Access,Chat,8,1.38,12.55,Yes,4.55,No,No,Resolved,No,Delayed Assignment,Assignment,4
T0299,C1068,10-03-2025 11:18,10-03-2025 12:19,11-03-2025 01:17,East,Technical Ops,A105,Morning,High,Technical Bug,Email,8,1.03,13.99,Yes,5.99,No,No,Resolved,No,Technical Dependency,Escalation,3
T0300,C1511,11-03-2025 13:12,11-03-2025 14:06,12-03-2025 08:20,West,Technical Ops,A120,Morning,Medium,Technical Bug,Email,24,0.9,19.14,No,0,No,No,Resolved,No,No Major Delay,None,5
T0301,C1273,04-04-2025 08:33,04-04-2025 11:01,04-04-2025 22:54,West,Escalations,A128,Morning,High,Subscription Change,Email,8,2.48,14.36,Yes,6.36,Yes,No,Closed,No,Approval Dependency,Approval,4
T0302,C1659,13-04-2025 12:29,13-04-2025 16:12,14-04-2025 20:49,East,Technical Ops,A113,Morning,Low,Data Correction,Chat,48,3.72,32.34,No,0,Yes,No,Resolved,No,No Major Delay,None,5
T0303,C1955,26-04-2025 14:57,26-04-2025 17:30,26-04-2025 22:47,West,Billing Ops,A120,Afternoon,Low,Subscription Change,Chat,48,2.55,7.84,No,0,No,No,Resolved,No,High Complexity,Diagnosis,5
T0304,C1716,16-01-2025 13:21,16-01-2025 15:36,17-01-2025 20:24,Central,Technical Ops,A106,Morning,High,Data Correction,Portal,8,2.26,31.06,Yes,23.06,Yes,No,Resolved,No,Approval Dependency,Approval,3
T0305,C1259,02-04-2025 13:52,02-04-2025 19:16,03-04-2025 04:58,West,Escalations,A110,Morning,Low,Refund Request,Phone,48,5.4,15.1,No,0,Yes,Yes,Resolved,No,No Major Delay,None,3
T0306,C1280,27-04-2025 14:59,27-04-2025 16:35,29-04-2025 00:59,East,Escalations,A129,Afternoon,Medium,Refund Request,Portal,24,1.6,34,Yes,10,Yes,No,Closed,No,Incomplete Customer Information,Customer Response,2
T0307,C1656,31-03-2025 12:32,31-03-2025 16:42,02-04-2025 01:25,West,Escalations,A107,Morning,Low,Order Delay,Phone,48,4.17,36.89,No,0,Yes,No,Resolved,No,No Major Delay,None,4
T0308,C1335,09-04-2025 10:54,09-04-2025 12:15,09-04-2025 18:22,East,Billing Ops,A116,Morning,High,Account Update,Email,8,1.35,7.48,No,0,No,No,Resolved,No,No Major Delay,None,5
T0309,C1120,03-01-2025 16:41,03-01-2025 18:35,06-01-2025 23:42,West,Escalations,A115,Afternoon,Low,Payment Failure,Phone,48,1.9,79.02,Yes,31.02,Yes,No,Closed,No,Delayed Assignment,Assignment,4
T0310,C1999,15-04-2025 12:18,15-04-2025 13:07,16-04-2025 00:12,West,L1 Support,A113,Morning,Critical,Technical Bug,Chat,4,0.83,11.9,Yes,7.9,No,Yes,Resolved,No,Delayed Assignment,Assignment,3
T0311,C1516,11-02-2025 14:43,11-02-2025 15:59,12-02-2025 03:59,South,Technical Ops,A131,Afternoon,High,Technical Bug,Phone,8,1.27,13.28,Yes,5.28,Yes,No,Resolved,No,Technical Dependency,Escalation,4
T0312,C1996,06-03-2025 15:59,06-03-2025 17:29,07-03-2025 01:35,West,Billing Ops,A112,Afternoon,Medium,Refund Request,Chat,24,1.51,9.6,No,0,No,No,Resolved,No,No Major Delay,None,5
T0313,C1187,25-02-2025 10:20,25-02-2025 12:18,27-02-2025 07:20,West,Account Ops,A117,Morning,Low,Order Delay,Email,48,1.97,45,No,0,No,No,Resolved,No,No Major Delay,None,5
T0314,C1576,13-03-2025 15:29,13-03-2025 17:09,13-03-2025 22:09,West,Billing Ops,A123,Afternoon,Critical,Refund Request,Phone,4,1.67,6.68,Yes,2.68,No,No,Closed,No,Delayed Assignment,Assignment,3
T0315,C1724,05-03-2025 09:56,05-03-2025 11:10,07-03-2025 06:44,Central,Technical Ops,A105,Morning,Low,Technical Bug,Portal,48,1.24,44.8,No,0,Yes,No,Resolved,No,Delayed Assignment,Assignment,5
T0316,C1872,04-04-2025 17:08,04-04-2025 17:28,06-04-2025 20:51,East,L1 Support,A129,Afternoon,Medium,Technical Bug,Phone,24,0.34,51.72,Yes,27.72,No,No,Resolved,No,Delayed Assignment,Assignment,4
T0317,C1614,13-04-2025 14:47,13-04-2025 15:51,14-04-2025 05:01,West,Billing Ops,A108,Afternoon,High,Account Update,Email,8,1.07,14.24,Yes,6.24,No,No,Resolved,No,Approval Dependency,Approval,4
T0318,C1307,01-03-2025 11:41,01-03-2025 12:18,03-03-2025 05:35,East,L1 Support,A133,Morning,Medium,Order Delay,Chat,24,0.63,41.91,Yes,17.91,No,No,Resolved,No,Delayed Assignment,Assignment,4
T0319,C1863,13-01-2025 15:42,13-01-2025 18:47,14-01-2025 16:24,East,Technical Ops,A133,Afternoon,Low,Technical Bug,Phone,48,3.09,24.71,No,0,Yes,No,Closed,No,No Major Delay,None,5
T0320,C1889,28-04-2025 10:13,28-04-2025 12:30,30-04-2025 04:40,East,L1 Support,A117,Morning,Medium,Login/Access,Email,24,2.29,42.46,Yes,18.46,Yes,Yes,Resolved,No,Delayed Assignment,Assignment,2
T0321,C1641,12-01-2025 10:08,12-01-2025 10:38,12-01-2025 22:41,West,L1 Support,A126,Morning,Medium,Order Delay,Email,24,0.51,12.55,No,0,No,No,Resolved,No,No Major Delay,None,5
T0322,C1425,20-01-2025 15:31,20-01-2025 18:46,22-01-2025 01:32,North,Technical Ops,A108,Afternoon,Low,Technical Bug,Email,48,3.26,34.02,No,0,Yes,Yes,Resolved,No,No Major Delay,None,4
T0323,C1961,03-04-2025 17:59,03-04-2025 22:56,06-04-2025 11:56,Central,Escalations,A132,Afternoon,Low,Order Delay,Chat,48,4.95,65.96,Yes,17.96,Yes,No,Resolved,No,Technical Dependency,Escalation,3
T0324,C1368,29-01-2025 17:58,29-01-2025 20:44,31-01-2025 00:29,West,Technical Ops,A129,Afternoon,Medium,Technical Bug,Email,24,2.78,30.52,Yes,6.52,No,No,Resolved,No,Technical Dependency,Escalation,3
T0325,C1915,21-01-2025 17:31,21-01-2025 22:20,22-01-2025 18:24,South,Escalations,A109,Afternoon,Low,Order Delay,Chat,48,4.82,24.89,No,0,Yes,No,Closed,No,No Major Delay,None,4
T0326,C1800,13-02-2025 13:49,13-02-2025 17:30,,East,Escalations,A132,Morning,Medium,Order Delay,Phone,24,3.69,,,,Yes,No,Pending,Yes,Technical Dependency,Escalation,
T0327,C1206,27-04-2025 13:10,27-04-2025 15:20,28-04-2025 12:26,North,L1 Support,A108,Morning,Medium,Order Delay,Chat,24,2.18,23.27,No,0,Yes,No,Resolved,No,No Major Delay,None,5
T0328,C1439,11-01-2025 12:23,11-01-2025 13:44,12-01-2025 02:34,North,Technical Ops,A119,Morning,Medium,Account Update,Email,24,1.36,14.19,No,0,No,No,Resolved,No,No Major Delay,None,5
T0329,C1656,09-04-2025 08:45,09-04-2025 11:35,10-04-2025 05:10,West,Technical Ops,A102,Morning,Medium,Account Update,Portal,24,2.84,20.43,No,0,Yes,No,Resolved,No,No Major Delay,None,5
T0330,C1902,02-01-2025 12:57,02-01-2025 17:37,03-01-2025 06:30,Central,Escalations,A121,Morning,High,Technical Bug,Portal,8,4.68,17.55,Yes,9.55,Yes,No,Closed,No,Incomplete Customer Information,Customer Response,1
T0331,C1432,12-01-2025 16:35,12-01-2025 17:44,12-01-2025 23:38,East,Technical Ops,A135,Afternoon,High,Login/Access,Phone,8,1.15,7.06,No,0,No,No,Resolved,No,No Major Delay,None,5
T0332,C1681,16-01-2025 15:19,16-01-2025 15:35,17-01-2025 05:55,North,Technical Ops,A104,Afternoon,Low,Login/Access,Chat,48,0.27,14.61,No,0,No,No,Closed,No,No Major Delay,None,5
T0333,C1456,01-02-2025 09:20,01-02-2025 10:04,03-02-2025 02:54,East,L1 Support,A125,Morning,Medium,Technical Bug,Email,24,0.74,41.58,Yes,17.58,No,Yes,Resolved,No,Technical Dependency,Escalation,3
T0334,C1966,26-02-2025 15:46,26-02-2025 17:54,27-02-2025 08:37,West,Escalations,A132,Afternoon,Critical,Data Correction,Phone,4,2.14,16.86,Yes,12.86,Yes,Yes,Resolved,No,Agent Capacity Constraint,Resolution,3
T0335,C1838,20-01-2025 09:23,20-01-2025 10:38,21-01-2025 23:14,North,Billing Ops,A119,Morning,Medium,Subscription Change,Chat,24,1.25,37.86,Yes,13.86,No,No,Resolved,No,Agent Capacity Constraint,Resolution,4
T0336,C1333,26-04-2025 13:50,26-04-2025 16:22,27-04-2025 21:38,Central,Technical Ops,A120,Morning,Medium,Login/Access,Email,24,2.54,31.8,Yes,7.8,No,No,Closed,No,Incomplete Customer Information,Customer Response,4
T0337,C1197,24-04-2025 15:47,24-04-2025 16:04,24-04-2025 20:28,Central,Technical Ops,A103,Afternoon,Critical,Data Correction,Phone,4,0.29,4.69,Yes,0.69,No,No,Resolved,No,Incomplete Customer Information,Customer Response,3
T0338,C1424,30-04-2025 16:11,30-04-2025 17:23,05-05-2025 07:24,North,Technical Ops,A102,Afternoon,Low,Technical Bug,Portal,48,1.21,111.22,Yes,63.22,Yes,No,Resolved,No,Technical Dependency,Escalation,3
T0339,C1964,02-02-2025 09:09,02-02-2025 10:01,02-02-2025 23:36,West,Technical Ops,A119,Morning,Critical,Technical Bug,Email,4,0.87,14.45,Yes,10.45,No,No,Resolved,No,Technical Dependency,Escalation,4
T0340,C1252,15-01-2025 12:03,15-01-2025 14:14,17-01-2025 20:13,South,Billing Ops,A133,Morning,Low,Payment Failure,Email,48,2.19,56.18,Yes,8.18,No,Yes,Resolved,No,Technical Dependency,Escalation,2
T0341,C1943,19-01-2025 13:34,19-01-2025 16:33,24-01-2025 03:34,South,L1 Support,A133,Morning,Low,Data Correction,Email,48,2.99,110.01,Yes,62.01,No,No,Resolved,No,Incorrect Routing,Routing,4
T0342,C1968,21-01-2025 16:36,21-01-2025 17:03,22-01-2025 20:19,West,L1 Support,A133,Afternoon,Medium,Technical Bug,Portal,24,0.45,27.73,Yes,3.73,No,No,Closed,No,Technical Dependency,Escalation,4
T0343,C1720,12-02-2025 08:58,12-02-2025 10:58,12-02-2025 12:59,West,Billing Ops,A130,Morning,High,Refund Request,Email,8,2.01,4.02,No,0,No,No,Closed,No,No Major Delay,None,5
T0344,C1379,17-04-2025 15:43,17-04-2025 18:38,18-04-2025 07:07,North,L1 Support,A135,Afternoon,Medium,Account Update,Chat,24,2.92,15.4,No,0,No,No,Resolved,No,No Major Delay,None,5
T0345,C1565,29-01-2025 11:31,29-01-2025 11:53,04-02-2025 00:36,South,Technical Ops,A120,Morning,Low,Technical Bug,Chat,48,0.38,133.09,Yes,85.09,No,Yes,Resolved,No,Agent Capacity Constraint,Resolution,2
T0346,C1330,14-03-2025 11:56,14-03-2025 15:12,15-03-2025 23:27,Central,Escalations,A109,Morning,High,Order Delay,Phone,8,3.27,35.53,Yes,27.53,Yes,No,Closed,No,Incorrect Routing,Routing,3
T0347,C1433,29-01-2025 08:17,29-01-2025 09:58,,East,Billing Ops,A103,Morning,Medium,Subscription Change,Email,24,1.69,,,,No,No,Pending,Yes,Incorrect Routing,Routing,
T0348,C1794,17-03-2025 13:53,17-03-2025 14:30,18-03-2025 01:11,South,Billing Ops,A128,Morning,Low,Subscription Change,Email,48,0.63,11.31,No,0,Yes,No,Closed,No,No Major Delay,None,5
T0349,C1301,18-02-2025 13:56,18-02-2025 14:18,19-02-2025 17:20,North,L1 Support,A104,Morning,Medium,Account Update,Chat,24,0.38,27.41,Yes,3.41,Yes,No,Resolved,No,Delayed Assignment,Assignment,3
T0350,C1012,01-03-2025 14:56,01-03-2025 15:32,02-03-2025 17:13,Central,Account Ops,A101,Afternoon,Low,Account Update,Chat,48,0.6,26.29,No,0,Yes,No,Resolved,No,No Major Delay,None,5
T0351,C1906,21-03-2025 15:11,21-03-2025 17:36,21-03-2025 20:39,South,Technical Ops,A127,Afternoon,Medium,Login/Access,Portal,24,2.43,5.47,No,0,No,No,Resolved,No,No Major Delay,None,5
T0352,C1193,28-03-2025 10:03,28-03-2025 14:09,28-03-2025 21:09,West,Escalations,A134,Morning,Medium,Payment Failure,Email,24,4.11,11.11,No,0,Yes,No,Resolved,No,No Major Delay,None,4
T0353,C1752,23-02-2025 13:10,23-02-2025 15:49,24-02-2025 15:26,West,L1 Support,A122,Morning,Medium,Data Correction,Phone,24,2.65,26.28,Yes,2.28,No,No,Resolved,No,Technical Dependency,Escalation,4
T0354,C1567,13-03-2025 09:09,13-03-2025 10:04,15-03-2025 14:09,West,L1 Support,A105,Morning,Low,Order Delay,Email,48,0.93,53,Yes,5,Yes,No,Resolved,No,Approval Dependency,Approval,3
T0355,C1066,11-04-2025 09:21,11-04-2025 10:24,11-04-2025 20:32,South,Account Ops,A109,Morning,High,Payment Failure,Chat,8,1.05,11.19,Yes,3.19,No,No,Closed,No,Incorrect Routing,Routing,4
T0356,C1893,23-03-2025 11:58,23-03-2025 13:53,23-03-2025 16:43,South,Account Ops,A121,Morning,High,Subscription Change,Chat,8,1.92,4.75,No,0,No,No,Closed,No,Agent Capacity Constraint,Resolution,5
T0357,C1212,19-02-2025 16:23,19-02-2025 17:53,20-02-2025 06:45,Central,L1 Support,A105,Afternoon,High,Technical Bug,Chat,8,1.5,14.38,Yes,6.38,No,No,Resolved,No,Technical Dependency,Escalation,3
T0358,C1509,11-01-2025 10:48,11-01-2025 12:14,11-01-2025 19:42,South,Account Ops,A124,Morning,High,Payment Failure,Phone,8,1.44,8.91,Yes,0.91,No,No,Resolved,No,Technical Dependency,Escalation,4
T0359,C1256,07-02-2025 16:32,07-02-2025 16:57,08-02-2025 00:18,South,L1 Support,A123,Afternoon,High,Account Update,Phone,8,0.42,7.78,No,0,No,No,Resolved,No,No Major Delay,None,5
T0360,C1740,02-01-2025 12:18,02-01-2025 14:41,03-01-2025 06:15,East,Account Ops,A135,Morning,High,Order Delay,Email,8,2.39,17.95,Yes,9.95,Yes,No,Resolved,No,High Complexity,Diagnosis,3
T0361,C1009,11-01-2025 13:54,11-01-2025 16:15,12-01-2025 13:11,Central,L1 Support,A130,Morning,Medium,Technical Bug,Phone,24,2.36,23.29,No,0,No,No,Closed,No,Approval Dependency,Approval,5
T0362,C1209,17-03-2025 08:36,17-03-2025 11:22,,East,L1 Support,A135,Morning,Medium,Data Correction,Email,24,2.78,,,,No,No,Pending,Yes,No Major Delay,None,
T0363,C1058,14-01-2025 16:11,14-01-2025 20:41,15-01-2025 14:36,West,Escalations,A120,Afternoon,Low,Login/Access,Email,48,4.51,22.43,No,0,Yes,No,Resolved,No,No Major Delay,None,4
T0364,C1701,03-03-2025 09:24,03-03-2025 12:46,04-03-2025 16:24,East,Escalations,A109,Morning,Medium,Login/Access,Chat,24,3.38,31,Yes,7,Yes,No,Resolved,No,Incorrect Routing,Routing,3
T0365,C1843,14-03-2025 15:29,14-03-2025 15:47,14-03-2025 23:35,South,Account Ops,A134,Afternoon,Medium,Payment Failure,Phone,24,0.31,8.11,No,0,No,No,Resolved,No,No Major Delay,None,5
T0366,C1421,13-01-2025 14:44,13-01-2025 15:49,16-01-2025 04:35,South,Billing Ops,A112,Afternoon,Low,Payment Failure,Email,48,1.09,61.86,Yes,13.86,Yes,No,Closed,No,Incomplete Customer Information,Customer Response,3
T0367,C1139,06-03-2025 08:29,06-03-2025 10:58,07-03-2025 21:59,East,Technical Ops,A111,Morning,Low,Technical Bug,Email,48,2.49,37.5,No,0,No,Yes,Resolved,No,No Major Delay,None,4
T0368,C1731,16-04-2025 12:53,16-04-2025 17:08,17-04-2025 06:38,West,Escalations,A129,Morning,High,Order Delay,Phone,8,4.26,17.75,Yes,9.75,Yes,Yes,Resolved,No,Agent Capacity Constraint,Resolution,1
T0369,C1696,09-02-2025 15:03,09-02-2025 15:16,10-02-2025 02:34,South,L1 Support,A107,Afternoon,Critical,Data Correction,Phone,4,0.22,11.52,Yes,7.52,Yes,Yes,Closed,No,Delayed Assignment,Assignment,2
T0370,C1177,14-01-2025 13:20,14-01-2025 14:03,14-01-2025 19:37,North,Account Ops,A103,Morning,Medium,Payment Failure,Chat,24,0.73,6.29,No,0,No,No,Resolved,No,No Major Delay,None,5
T0371,C1614,17-02-2025 08:04,17-02-2025 08:56,,North,L1 Support,A118,Morning,Critical,Data Correction,Phone,4,0.88,,,,No,No,Pending,Yes,Technical Dependency,Escalation,
T0372,C1918,27-03-2025 15:04,27-03-2025 16:58,28-03-2025 02:35,West,Technical Ops,A121,Afternoon,High,Data Correction,Chat,8,1.9,11.53,Yes,3.53,Yes,No,Resolved,No,Incorrect Routing,Routing,4
T0373,C1424,20-01-2025 14:13,20-01-2025 15:05,21-01-2025 02:13,West,Billing Ops,A132,Afternoon,High,Payment Failure,Chat,8,0.87,12,Yes,4,No,Yes,Resolved,No,Agent Capacity Constraint,Resolution,3
T0374,C1197,28-04-2025 11:51,28-04-2025 14:03,29-04-2025 05:25,North,Billing Ops,A135,Morning,Medium,Refund Request,Email,24,2.21,17.58,No,0,No,Yes,Resolved,No,No Major Delay,None,4
T0375,C1492,11-01-2025 14:46,11-01-2025 15:11,11-01-2025 20:33,South,Account Ops,A114,Afternoon,Critical,Subscription Change,Email,4,0.43,5.79,Yes,1.79,Yes,No,Closed,No,Incorrect Routing,Routing,3
T0376,C1389,15-04-2025 15:01,15-04-2025 15:55,15-04-2025 18:01,West,Billing Ops,A128,Afternoon,Critical,Subscription Change,Phone,4,0.91,3.01,No,0,No,No,Resolved,No,No Major Delay,None,5
T0377,C1072,28-04-2025 11:00,28-04-2025 12:36,,West,Technical Ops,A131,Morning,Medium,Technical Bug,Phone,24,1.6,,,,No,No,Pending,Yes,Technical Dependency,Escalation,
T0378,C1692,07-04-2025 13:32,07-04-2025 15:30,08-04-2025 18:41,North,L1 Support,A117,Morning,Medium,Login/Access,Phone,24,1.98,29.16,Yes,5.16,No,No,Resolved,No,Technical Dependency,Escalation,4
T0379,C1990,09-04-2025 09:41,09-04-2025 10:30,10-04-2025 00:33,South,Technical Ops,A111,Morning,Critical,Data Correction,Email,4,0.83,14.87,Yes,10.87,No,No,Resolved,No,Technical Dependency,Escalation,3
T0380,C1174,04-02-2025 11:59,04-02-2025 14:08,05-02-2025 13:39,Central,Billing Ops,A123,Morning,Medium,Subscription Change,Email,24,2.16,25.67,Yes,1.67,Yes,No,Resolved,No,Technical Dependency,Escalation,3
T0381,C1127,08-01-2025 10:51,08-01-2025 11:46,08-01-2025 20:47,South,Billing Ops,A114,Morning,High,Payment Failure,Email,8,0.93,9.94,Yes,1.94,No,No,Resolved,No,Delayed Assignment,Assignment,4
T0382,C1618,07-04-2025 08:42,07-04-2025 11:40,08-04-2025 01:43,Central,L1 Support,A101,Morning,High,Account Update,Email,8,2.97,17.03,Yes,9.03,No,No,Closed,No,Incorrect Routing,Routing,4
T0383,C1889,08-01-2025 13:55,08-01-2025 14:23,09-01-2025 00:15,East,Technical Ops,A126,Morning,Medium,Account Update,Portal,24,0.48,10.34,No,0,No,No,Resolved,No,Incorrect Routing,Routing,5
T0384,C1953,23-03-2025 13:01,23-03-2025 15:40,24-03-2025 15:01,South,Billing Ops,A113,Morning,Medium,Subscription Change,Phone,24,2.65,26.01,Yes,2.01,Yes,No,Resolved,No,High Complexity,Diagnosis,3
T0385,C1678,11-04-2025 16:02,11-04-2025 19:04,12-04-2025 15:25,North,L1 Support,A134,Afternoon,Low,Technical Bug,Chat,48,3.04,23.39,No,0,No,No,Resolved,No,No Major Delay,None,5
T0386,C1503,29-04-2025 13:57,29-04-2025 14:56,30-04-2025 09:38,South,Billing Ops,A102,Morning,Medium,Refund Request,Chat,24,0.99,19.69,No,0,No,No,Resolved,No,No Major Delay,None,5
T0387,C1130,02-04-2025 14:41,02-04-2025 15:50,03-04-2025 05:23,South,Technical Ops,A122,Afternoon,Critical,Data Correction,Portal,4,1.15,14.71,Yes,10.71,Yes,Yes,Resolved,No,High Complexity,Diagnosis,3
T0388,C1148,10-02-2025 13:51,10-02-2025 16:53,11-02-2025 13:48,Central,Billing Ops,A125,Morning,Low,Subscription Change,Chat,48,3.04,23.96,No,0,No,No,Resolved,No,No Major Delay,None,5
T0389,C1829,09-02-2025 16:44,09-02-2025 20:28,11-02-2025 00:11,South,Billing Ops,A103,Afternoon,Low,Refund Request,Phone,48,3.74,31.46,No,0,No,No,Resolved,No,No Major Delay,None,5
T0390,C1540,10-04-2025 10:54,10-04-2025 14:40,11-04-2025 12:18,South,Escalations,A104,Morning,High,Order Delay,Chat,8,3.77,25.41,Yes,17.41,Yes,No,Resolved,No,Incomplete Customer Information,Customer Response,3
T0391,C1666,01-04-2025 12:29,01-04-2025 14:18,01-04-2025 23:54,South,Billing Ops,A104,Morning,Medium,Refund Request,Chat,24,1.82,11.42,No,0,No,No,Resolved,No,No Major Delay,None,5
T0392,C1121,22-01-2025 08:06,22-01-2025 09:05,22-01-2025 15:09,Central,L1 Support,A128,Morning,Critical,Order Delay,Email,4,0.99,7.06,Yes,3.06,Yes,No,Resolved,No,Delayed Assignment,Assignment,2
T0393,C1710,21-04-2025 14:17,21-04-2025 15:44,22-04-2025 05:03,Central,L1 Support,A106,Afternoon,High,Technical Bug,Portal,8,1.45,14.77,Yes,6.77,No,No,Resolved,No,Incomplete Customer Information,Customer Response,3
T0394,C1212,09-01-2025 16:11,09-01-2025 18:20,10-01-2025 16:34,South,L1 Support,A109,Afternoon,Medium,Order Delay,Phone,24,2.16,24.39,Yes,0.39,Yes,No,Closed,No,Technical Dependency,Escalation,3
T0395,C1673,17-01-2025 17:13,17-01-2025 17:46,,South,Account Ops,A121,Afternoon,Low,Subscription Change,Chat,48,0.56,,,,No,No,Pending,Yes,No Major Delay,None,
T0396,C1980,08-03-2025 13:38,08-03-2025 14:08,08-03-2025 16:15,Central,Billing Ops,A132,Morning,Critical,Refund Request,Portal,4,0.51,2.63,No,0,No,No,Closed,No,No Major Delay,None,5
T0397,C1663,25-03-2025 10:25,25-03-2025 13:16,26-03-2025 13:43,Central,Technical Ops,A117,Morning,High,Technical Bug,Phone,8,2.85,27.3,Yes,19.3,Yes,No,Resolved,No,Incomplete Customer Information,Customer Response,2
T0398,C1992,16-01-2025 16:07,16-01-2025 17:47,17-01-2025 16:02,West,Technical Ops,A116,Afternoon,Low,Technical Bug,Chat,48,1.67,23.92,No,0,Yes,No,Resolved,No,No Major Delay,None,5
T0399,C1130,14-02-2025 17:55,14-02-2025 18:52,15-02-2025 07:46,North,Account Ops,A132,Afternoon,High,Subscription Change,Email,8,0.96,13.85,Yes,5.85,Yes,No,Resolved,No,Incomplete Customer Information,Customer Response,2
T0400,C1878,23-03-2025 13:45,23-03-2025 15:51,24-03-2025 01:21,South,L1 Support,A104,Morning,High,Data Correction,Chat,8,2.1,11.6,Yes,3.6,Yes,No,Resolved,No,Agent Capacity Constraint,Resolution,4
T0401,C1693,08-01-2025 09:47,08-01-2025 11:36,08-01-2025 15:37,East,Account Ops,A106,Morning,Critical,Refund Request,Chat,4,1.82,5.84,Yes,1.84,No,No,Resolved,No,Delayed Assignment,Assignment,4
T0402,C1526,01-02-2025 16:43,01-02-2025 19:05,03-02-2025 15:36,West,L1 Support,A135,Afternoon,Low,Data Correction,Email,48,2.38,46.89,No,0,No,No,Closed,No,Technical Dependency,Escalation,5
T0403,C1658,19-04-2025 09:18,19-04-2025 10:19,19-04-2025 15:58,West,Technical Ops,A116,Morning,Medium,Login/Access,Phone,24,1.02,6.68,No,0,No,No,Closed,No,No Major Delay,None,5
T0404,C1935,15-02-2025 09:00,15-02-2025 11:13,15-02-2025 21:10,West,Billing Ops,A130,Morning,Medium,Subscription Change,Chat,24,2.22,12.18,No,0,No,No,Resolved,No,No Major Delay,None,5
T0405,C1291,04-02-2025 09:28,04-02-2025 10:53,04-02-2025 15:18,East,Billing Ops,A112,Morning,Medium,Payment Failure,Email,24,1.43,5.84,No,0,Yes,No,Resolved,No,No Major Delay,None,5
T0406,C1398,04-02-2025 09:26,04-02-2025 10:27,04-02-2025 17:53,East,Billing Ops,A131,Morning,Critical,Account Update,Portal,4,1.03,8.45,Yes,4.45,No,No,Closed,No,High Complexity,Diagnosis,3
T0407,C1884,17-04-2025 13:27,17-04-2025 15:42,18-04-2025 03:38,North,Account Ops,A116,Morning,High,Subscription Change,Email,8,2.26,14.19,Yes,6.19,Yes,No,Closed,No,Technical Dependency,Escalation,3
T0408,C1236,25-01-2025 17:40,25-01-2025 19:16,26-01-2025 23:04,West,Escalations,A133,Afternoon,High,Order Delay,Email,8,1.61,29.41,Yes,21.41,Yes,Yes,Resolved,No,Delayed Assignment,Assignment,2
T0409,C1971,05-02-2025 13:45,05-02-2025 14:51,06-02-2025 03:25,North,Technical Ops,A108,Morning,High,Account Update,Phone,8,1.1,13.67,Yes,5.67,Yes,No,Resolved,No,Approval Dependency,Approval,3
T0410,C1991,05-04-2025 13:47,05-04-2025 15:27,06-04-2025 22:55,North,Account Ops,A109,Morning,Medium,Refund Request,Email,24,1.68,33.14,Yes,9.14,No,Yes,Resolved,No,High Complexity,Diagnosis,3
T0411,C1998,08-02-2025 15:48,08-02-2025 18:34,09-02-2025 01:42,South,Technical Ops,A135,Afternoon,Low,Data Correction,Email,48,2.77,9.9,No,0,No,No,Closed,No,No Major Delay,None,5
T0412,C1891,06-03-2025 08:10,06-03-2025 11:04,06-03-2025 18:40,North,Escalations,A134,Morning,High,Account Update,Portal,8,2.91,10.51,Yes,2.51,Yes,No,Resolved,No,High Complexity,Diagnosis,3
T0413,C1274,01-01-2025 10:36,01-01-2025 12:45,02-01-2025 10:49,West,Technical Ops,A118,Morning,Medium,Login/Access,Chat,24,2.15,24.22,Yes,0.22,No,No,Resolved,No,Agent Capacity Constraint,Resolution,4
T0414,C1418,04-02-2025 08:41,04-02-2025 12:34,05-02-2025 17:18,North,Escalations,A118,Morning,Medium,Payment Failure,Phone,24,3.89,32.62,Yes,8.62,Yes,No,Resolved,No,Incorrect Routing,Routing,2
T0415,C1452,03-01-2025 16:42,03-01-2025 19:40,06-01-2025 05:04,North,Billing Ops,A118,Afternoon,Low,Refund Request,Chat,48,2.97,60.38,Yes,12.38,No,No,Resolved,No,Incomplete Customer Information,Customer Response,3
T0416,C1021,25-02-2025 13:09,25-02-2025 13:36,25-02-2025 20:30,Central,Billing Ops,A115,Morning,High,Refund Request,Chat,8,0.46,7.35,No,0,Yes,No,Resolved,No,No Major Delay,None,5
T0417,C1135,24-03-2025 14:06,24-03-2025 14:40,24-03-2025 23:58,West,Billing Ops,A116,Afternoon,High,Subscription Change,Chat,8,0.58,9.88,Yes,1.88,No,Yes,Closed,No,Delayed Assignment,Assignment,2
T0418,C1126,15-04-2025 13:54,15-04-2025 16:07,16-04-2025 07:07,South,Escalations,A107,Morning,High,Login/Access,Portal,8,2.23,17.23,Yes,9.23,Yes,No,Resolved,No,Delayed Assignment,Assignment,2
T0419,C1979,24-02-2025 14:09,24-02-2025 14:48,24-02-2025 22:19,Central,Technical Ops,A115,Afternoon,Critical,Login/Access,Email,4,0.65,8.18,Yes,4.18,No,No,Resolved,No,Technical Dependency,Escalation,4
T0420,C1277,23-01-2025 14:33,23-01-2025 15:25,24-01-2025 08:54,Central,L1 Support,A103,Afternoon,Low,Account Update,Email,48,0.88,18.36,No,0,No,No,Closed,No,No Major Delay,None,5
T0421,C1394,19-01-2025 13:09,19-01-2025 15:55,23-01-2025 03:16,East,L1 Support,A110,Morning,Low,Data Correction,Chat,48,2.77,86.13,Yes,38.13,No,No,Resolved,No,Delayed Assignment,Assignment,4
T0422,C1719,12-03-2025 15:34,12-03-2025 17:15,13-03-2025 14:28,West,Technical Ops,A116,Afternoon,Medium,Technical Bug,Chat,24,1.69,22.9,No,0,No,No,Resolved,No,No Major Delay,None,5
T0423,C1847,28-04-2025 09:03,28-04-2025 09:50,28-04-2025 19:46,South,Account Ops,A131,Morning,Critical,Account Update,Portal,4,0.79,10.72,Yes,6.72,No,No,Resolved,No,Incorrect Routing,Routing,4
T0424,C1766,31-03-2025 09:42,31-03-2025 12:55,01-04-2025 00:56,North,Escalations,A128,Morning,High,Order Delay,Portal,8,3.22,15.24,Yes,7.24,Yes,No,Resolved,No,Technical Dependency,Escalation,3
T0425,C1513,24-03-2025 08:38,24-03-2025 10:14,24-03-2025 17:35,West,Billing Ops,A110,Morning,Medium,Subscription Change,Phone,24,1.61,8.96,No,0,No,No,Closed,No,No Major Delay,None,5
T0426,C1168,21-02-2025 17:03,21-02-2025 19:45,22-02-2025 07:16,South,Escalations,A109,Afternoon,High,Payment Failure,Email,8,2.71,14.22,Yes,6.22,Yes,No,Closed,No,Agent Capacity Constraint,Resolution,2
T0427,C1087,19-04-2025 13:01,19-04-2025 13:26,19-04-2025 17:13,West,L1 Support,A124,Morning,Critical,Account Update,Email,4,0.43,4.2,Yes,0.2,No,No,Resolved,No,Agent Capacity Constraint,Resolution,4
T0428,C1793,15-02-2025 12:25,15-02-2025 13:46,16-02-2025 12:28,Central,Technical Ops,A120,Morning,Low,Technical Bug,Portal,48,1.35,24.06,No,0,No,No,Resolved,No,No Major Delay,None,5
T0429,C1952,11-01-2025 09:45,11-01-2025 10:33,11-01-2025 18:40,West,Technical Ops,A110,Morning,High,Technical Bug,Phone,8,0.8,8.93,Yes,0.93,No,No,Resolved,No,Incorrect Routing,Routing,3
T0430,C1321,20-03-2025 17:04,20-03-2025 19:17,23-03-2025 14:26,South,Technical Ops,A125,Afternoon,Low,Technical Bug,Email,48,2.23,69.38,Yes,21.38,No,No,Resolved,No,Approval Dependency,Approval,4
T0431,C1865,02-03-2025 12:48,02-03-2025 14:49,03-03-2025 11:09,North,Billing Ops,A130,Morning,High,Refund Request,Email,8,2.02,22.35,Yes,14.35,Yes,No,Resolved,No,Approval Dependency,Approval,3
T0432,C1895,24-03-2025 08:47,24-03-2025 12:33,24-03-2025 19:51,North,Escalations,A103,Morning,Medium,Refund Request,Chat,24,3.78,11.07,No,0,Yes,No,Resolved,No,No Major Delay,None,5
T0433,C1465,28-04-2025 14:49,28-04-2025 16:08,28-04-2025 19:14,West,Technical Ops,A112,Afternoon,Medium,Login/Access,Phone,24,1.32,4.43,No,0,No,No,Resolved,No,No Major Delay,None,5
T0434,C1280,14-04-2025 13:50,14-04-2025 14:49,14-04-2025 22:13,West,Billing Ops,A125,Morning,Critical,Payment Failure,Email,4,0.99,8.39,Yes,4.39,No,No,Resolved,No,Incomplete Customer Information,Customer Response,4
T0435,C1842,26-04-2025 14:21,26-04-2025 15:22,27-04-2025 23:22,West,Billing Ops,A104,Afternoon,Medium,Refund Request,Chat,24,1.03,33.02,Yes,9.02,No,No,Resolved,No,Technical Dependency,Escalation,3
T0436,C1592,16-04-2025 13:00,16-04-2025 14:28,17-04-2025 07:55,Central,Escalations,A121,Morning,Critical,Order Delay,Email,4,1.48,18.93,Yes,14.93,Yes,Yes,Resolved,No,Technical Dependency,Escalation,2
T0437,C1848,25-01-2025 17:00,25-01-2025 17:47,25-01-2025 22:41,South,Account Ops,A114,Afternoon,Critical,Payment Failure,Phone,4,0.79,5.69,Yes,1.69,Yes,No,Resolved,No,Incorrect Routing,Routing,3
T0438,C1091,18-02-2025 12:54,18-02-2025 15:00,19-02-2025 11:31,East,Technical Ops,A111,Morning,Medium,Technical Bug,Email,24,2.1,22.62,No,0,No,Yes,Closed,No,Incomplete Customer Information,Customer Response,4
T0439,C1660,06-03-2025 17:51,06-03-2025 20:12,08-03-2025 08:49,West,Escalations,A107,Afternoon,Medium,Technical Bug,Email,24,2.35,38.98,Yes,14.98,Yes,Yes,Closed,No,Incorrect Routing,Routing,2
T0440,C1982,26-04-2025 14:43,26-04-2025 17:26,27-04-2025 06:27,North,L1 Support,A117,Afternoon,Medium,Order Delay,Portal,24,2.72,15.74,No,0,No,No,Resolved,No,No Major Delay,None,5
T0441,C1642,15-03-2025 14:08,15-03-2025 17:23,17-03-2025 22:05,Central,Escalations,A104,Afternoon,Medium,Account Update,Portal,24,3.25,55.96,Yes,31.96,Yes,Yes,Closed,No,Delayed Assignment,Assignment,1
T0442,C1919,17-03-2025 10:01,17-03-2025 12:10,21-03-2025 14:34,South,L1 Support,A101,Morning,Low,Order Delay,Portal,48,2.15,100.56,Yes,52.56,No,No,Resolved,No,High Complexity,Diagnosis,4
T0443,C1864,30-04-2025 10:40,30-04-2025 13:37,30-04-2025 20:59,South,Account Ops,A104,Morning,High,Payment Failure,Chat,8,2.96,10.33,Yes,2.33,Yes,No,Resolved,No,Agent Capacity Constraint,Resolution,4
T0444,C1628,23-02-2025 14:56,23-02-2025 17:40,25-02-2025 13:17,West,L1 Support,A105,Afternoon,Medium,Order Delay,Email,24,2.74,46.35,Yes,22.35,No,Yes,Resolved,No,Incorrect Routing,Routing,3
T0445,C1356,07-03-2025 10:13,07-03-2025 10:44,,Central,L1 Support,A135,Morning,Medium,Login/Access,Chat,24,0.52,,,,No,No,Pending,Yes,No Major Delay,None,
T0446,C1110,26-01-2025 12:25,26-01-2025 16:31,27-01-2025 10:13,West,Escalations,A113,Morning,Medium,Data Correction,Chat,24,4.1,21.81,No,0,Yes,No,Resolved,No,No Major Delay,None,4
T0447,C1809,05-01-2025 16:16,05-01-2025 17:17,06-01-2025 13:43,Central,L1 Support,A129,Afternoon,Medium,Account Update,Phone,24,1.02,21.46,No,0,No,Yes,Resolved,No,No Major Delay,None,4
T0448,C1733,02-04-2025 13:13,02-04-2025 15:38,02-04-2025 21:35,South,Billing Ops,A121,Morning,High,Refund Request,Chat,8,2.43,8.38,Yes,0.38,No,No,Resolved,No,Technical Dependency,Escalation,4
T0449,C1802,07-01-2025 15:31,07-01-2025 16:29,07-01-2025 23:48,North,Billing Ops,A121,Afternoon,Medium,Subscription Change,Phone,24,0.97,8.29,No,0,No,No,Resolved,No,Delayed Assignment,Assignment,5
T0450,C1793,06-01-2025 13:41,06-01-2025 15:34,07-01-2025 23:47,West,Billing Ops,A135,Morning,Low,Subscription Change,Email,48,1.89,34.1,No,0,No,No,Resolved,No,No Major Delay,None,5
T0451,C1377,21-03-2025 09:01,21-03-2025 11:31,22-03-2025 00:05,West,L1 Support,A108,Morning,High,Technical Bug,Email,8,2.51,15.07,Yes,7.07,No,No,Closed,No,Delayed Assignment,Assignment,3
T0452,C1534,08-02-2025 09:16,08-02-2025 14:19,12-02-2025 00:31,North,Escalations,A103,Morning,Low,Technical Bug,Portal,48,5.05,87.26,Yes,39.26,Yes,No,Resolved,No,Approval Dependency,Approval,2
T0453,C1394,02-04-2025 09:22,02-04-2025 12:00,03-04-2025 20:42,West,Technical Ops,A117,Morning,Medium,Technical Bug,Portal,24,2.64,35.34,Yes,11.34,No,Yes,Resolved,No,Delayed Assignment,Assignment,3
T0454,C1168,25-03-2025 10:54,25-03-2025 14:36,26-03-2025 02:03,South,Escalations,A120,Morning,High,Login/Access,Chat,8,3.7,15.15,Yes,7.15,Yes,No,Resolved,No,High Complexity,Diagnosis,4
T0455,C1520,28-02-2025 10:17,28-02-2025 12:20,01-03-2025 00:26,Central,Account Ops,A116,Morning,Medium,Subscription Change,Chat,24,2.05,14.16,No,0,Yes,No,Resolved,No,No Major Delay,None,5
T0456,C1282,18-03-2025 12:33,18-03-2025 14:12,18-03-2025 23:10,East,Technical Ops,A113,Morning,High,Technical Bug,Email,8,1.65,10.62,Yes,2.62,Yes,No,Resolved,No,Technical Dependency,Escalation,4
T0457,C1697,14-02-2025 12:45,14-02-2025 15:00,14-02-2025 23:26,West,Technical Ops,A111,Morning,High,Data Correction,Phone,8,2.25,10.69,Yes,2.69,No,No,Resolved,No,Approval Dependency,Approval,4
T0458,C1297,03-02-2025 09:10,03-02-2025 10:50,03-02-2025 19:24,West,Billing Ops,A102,Morning,Critical,Payment Failure,Email,4,1.68,10.24,Yes,6.24,No,No,Resolved,No,Delayed Assignment,Assignment,4
T0459,C1923,05-04-2025 13:34,05-04-2025 15:31,06-04-2025 08:53,South,Technical Ops,A122,Morning,Low,Technical Bug,Chat,48,1.95,19.32,No,0,No,No,Closed,No,No Major Delay,None,5
T0460,C1988,26-03-2025 10:22,26-03-2025 11:28,28-03-2025 02:14,East,Technical Ops,A127,Morning,Low,Technical Bug,Chat,48,1.11,39.87,No,0,No,No,Resolved,No,No Major Delay,None,5
T0461,C1008,20-02-2025 17:26,20-02-2025 18:24,21-02-2025 10:50,Central,Technical Ops,A123,Afternoon,High,Data Correction,Chat,8,0.97,17.4,Yes,9.4,Yes,No,Resolved,No,Technical Dependency,Escalation,3
T0462,C1141,06-02-2025 09:51,06-02-2025 11:19,07-02-2025 03:16,West,L1 Support,A111,Morning,Medium,Data Correction,Chat,24,1.47,17.43,No,0,Yes,No,Resolved,No,No Major Delay,None,5
T0463,C1267,04-04-2025 11:27,04-04-2025 12:48,05-04-2025 08:35,Central,Escalations,A118,Morning,Medium,Refund Request,Chat,24,1.36,21.14,No,0,Yes,No,Resolved,No,No Major Delay,None,5
T0464,C1098,26-01-2025 12:08,26-01-2025 13:05,27-01-2025 06:33,South,L1 Support,A109,Morning,Low,Technical Bug,Phone,48,0.95,18.43,No,0,No,No,Closed,No,No Major Delay,None,5
T0465,C1579,22-02-2025 15:01,22-02-2025 15:17,23-02-2025 03:24,East,Technical Ops,A128,Afternoon,High,Technical Bug,Phone,8,0.27,12.39,Yes,4.39,No,No,Resolved,No,Agent Capacity Constraint,Resolution,3
T0466,C1124,07-01-2025 09:03,07-01-2025 12:45,07-01-2025 18:39,West,L1 Support,A134,Morning,Low,Login/Access,Email,48,3.7,9.6,No,0,No,No,Closed,No,No Major Delay,None,5
T0467,C1025,25-04-2025 10:19,25-04-2025 12:31,27-04-2025 06:24,North,L1 Support,A132,Morning,Medium,Data Correction,Chat,24,2.21,44.09,Yes,20.09,Yes,No,Resolved,No,Technical Dependency,Escalation,4
T0468,C1296,11-03-2025 12:52,11-03-2025 16:55,14-03-2025 11:38,North,Escalations,A116,Morning,Low,Technical Bug,Portal,48,4.06,70.78,Yes,22.78,Yes,No,Resolved,No,Technical Dependency,Escalation,2
T0469,C1363,15-04-2025 14:09,15-04-2025 15:37,16-04-2025 01:43,Central,Technical Ops,A107,Afternoon,High,Login/Access,Phone,8,1.48,11.58,Yes,3.58,No,No,Closed,No,Incomplete Customer Information,Customer Response,4
T0470,C1945,26-04-2025 16:24,26-04-2025 17:15,27-04-2025 11:49,West,Technical Ops,A133,Afternoon,Low,Technical Bug,Email,48,0.86,19.43,No,0,No,No,Resolved,No,No Major Delay,None,5
T0471,C1237,09-03-2025 12:08,09-03-2025 13:59,10-03-2025 01:58,West,Account Ops,A133,Morning,Medium,Subscription Change,Phone,24,1.85,13.84,No,0,No,No,Resolved,No,Delayed Assignment,Assignment,5
T0472,C1945,19-02-2025 14:59,19-02-2025 16:13,19-02-2025 18:21,West,Technical Ops,A112,Afternoon,Critical,Login/Access,Email,4,1.24,3.38,No,0,Yes,No,Closed,No,No Major Delay,None,5
T0473,C1368,26-02-2025 12:14,26-02-2025 12:53,27-02-2025 07:21,West,L1 Support,A113,Morning,High,Login/Access,Phone,8,0.65,19.13,Yes,11.13,No,No,Closed,No,Agent Capacity Constraint,Resolution,4
T0474,C1529,02-03-2025 16:22,02-03-2025 19:46,04-03-2025 13:14,North,Technical Ops,A114,Afternoon,Low,Technical Bug,Email,48,3.4,44.88,No,0,No,No,Resolved,No,No Major Delay,None,5
T0475,C1559,02-02-2025 14:45,02-02-2025 17:23,03-02-2025 03:33,South,Technical Ops,A119,Afternoon,High,Login/Access,Email,8,2.64,12.81,Yes,4.81,Yes,No,Resolved,No,Incomplete Customer Information,Customer Response,3
T0476,C1624,12-02-2025 08:08,12-02-2025 10:37,12-02-2025 23:05,West,Technical Ops,A127,Morning,Medium,Login/Access,Portal,24,2.49,14.95,No,0,Yes,No,Resolved,No,No Major Delay,None,5
T0477,C1026,03-03-2025 10:17,03-03-2025 12:15,04-03-2025 03:48,North,Escalations,A106,Morning,Medium,Order Delay,Email,24,1.98,17.52,No,0,Yes,No,Closed,No,No Major Delay,None,5
T0478,C1094,18-02-2025 10:27,18-02-2025 13:32,19-02-2025 10:10,Central,Escalations,A104,Morning,Low,Order Delay,Chat,48,3.09,23.73,No,0,Yes,No,Resolved,No,No Major Delay,None,5
T0479,C1672,10-01-2025 08:08,10-01-2025 10:15,11-01-2025 05:57,Central,Escalations,A116,Morning,Medium,Payment Failure,Phone,24,2.12,21.82,No,0,Yes,No,Resolved,No,No Major Delay,None,5
T0480,C1208,08-02-2025 13:49,08-02-2025 16:10,08-02-2025 23:08,Central,Escalations,A115,Morning,Critical,Refund Request,Email,4,2.35,9.33,Yes,5.33,Yes,Yes,Resolved,No,Agent Capacity Constraint,Resolution,2
T0481,C1393,31-01-2025 15:41,31-01-2025 19:16,01-02-2025 09:05,Central,L1 Support,A110,Afternoon,Low,Order Delay,Email,48,3.59,17.41,No,0,No,No,Closed,No,Agent Capacity Constraint,Resolution,5
T0482,C1775,26-03-2025 12:02,26-03-2025 13:12,26-03-2025 22:31,West,L1 Support,A128,Morning,Medium,Order Delay,Phone,24,1.17,10.49,No,0,No,No,Resolved,No,No Major Delay,None,5
T0483,C1973,30-04-2025 12:54,30-04-2025 14:00,01-05-2025 09:25,Central,Account Ops,A125,Morning,Critical,Order Delay,Phone,4,1.1,20.53,Yes,16.53,Yes,No,Closed,No,Agent Capacity Constraint,Resolution,3
T0484,C1569,02-02-2025 17:00,02-02-2025 18:47,03-02-2025 07:25,Central,Account Ops,A124,Afternoon,High,Subscription Change,Email,8,1.79,14.43,Yes,6.43,No,No,Resolved,No,Incorrect Routing,Routing,4
T0485,C1731,09-04-2025 12:16,09-04-2025 14:35,10-04-2025 12:00,North,Escalations,A129,Morning,High,Login/Access,Email,8,2.32,23.74,Yes,15.74,Yes,No,Resolved,No,Technical Dependency,Escalation,4
T0486,C1436,14-02-2025 09:04,14-02-2025 09:43,14-02-2025 14:32,North,Billing Ops,A103,Morning,Low,Subscription Change,Chat,48,0.65,5.47,No,0,No,No,Resolved,No,No Major Delay,None,5
T0487,C1520,07-02-2025 17:01,07-02-2025 20:22,09-02-2025 09:43,East,Escalations,A124,Afternoon,Low,Payment Failure,Chat,48,3.36,40.71,No,0,Yes,No,Closed,No,No Major Delay,None,5
T0488,C1537,30-04-2025 11:36,30-04-2025 13:51,01-05-2025 17:09,South,L1 Support,A106,Morning,Low,Order Delay,Phone,48,2.26,29.56,No,0,No,No,Resolved,No,Agent Capacity Constraint,Resolution,5
T0489,C1459,10-02-2025 09:44,10-02-2025 11:59,11-02-2025 07:56,South,Billing Ops,A124,Morning,Medium,Refund Request,Chat,24,2.25,22.2,No,0,No,No,Resolved,No,No Major Delay,None,5
T0490,C1897,12-04-2025 12:21,12-04-2025 12:53,13-04-2025 06:13,South,Account Ops,A109,Morning,Low,Payment Failure,Portal,48,0.54,17.87,No,0,No,No,Closed,No,No Major Delay,None,5
T0491,C1570,17-04-2025 14:01,17-04-2025 16:59,17-04-2025 21:16,West,Account Ops,A109,Afternoon,Medium,Payment Failure,Email,24,2.97,7.25,No,0,No,No,Resolved,No,No Major Delay,None,5
T0492,C1603,06-01-2025 09:47,06-01-2025 12:38,07-01-2025 00:52,East,Account Ops,A107,Morning,High,Refund Request,Chat,8,2.86,15.09,Yes,7.09,Yes,No,Resolved,No,High Complexity,Diagnosis,3
T0493,C1520,26-02-2025 10:32,26-02-2025 11:45,27-02-2025 17:54,North,Billing Ops,A130,Morning,Low,Subscription Change,Email,48,1.23,31.37,No,0,No,Yes,Resolved,No,No Major Delay,None,4
T0494,C1265,05-04-2025 11:27,05-04-2025 13:42,07-04-2025 22:58,East,Billing Ops,A103,Morning,Low,Account Update,Phone,48,2.26,59.53,Yes,11.53,Yes,No,Closed,No,Technical Dependency,Escalation,3
T0495,C1455,04-01-2025 17:57,04-01-2025 23:17,05-01-2025 21:13,South,Escalations,A133,Afternoon,Low,Order Delay,Chat,48,5.34,27.28,No,0,Yes,No,Resolved,No,No Major Delay,None,4
T0496,C1645,12-01-2025 10:17,12-01-2025 10:48,12-01-2025 21:32,East,L1 Support,A128,Morning,Medium,Order Delay,Portal,24,0.53,11.25,No,0,No,No,Resolved,No,No Major Delay,None,5
T0497,C1289,18-04-2025 16:42,18-04-2025 18:39,20-04-2025 15:30,North,Technical Ops,A134,Afternoon,Medium,Data Correction,Chat,24,1.95,46.81,Yes,22.81,Yes,No,Resolved,No,Technical Dependency,Escalation,4
T0498,C1860,20-03-2025 11:45,20-03-2025 13:07,20-03-2025 21:19,North,Technical Ops,A105,Morning,High,Data Correction,Portal,8,1.37,9.57,Yes,1.57,No,No,Closed,No,Incomplete Customer Information,Customer Response,4
T0499,C1792,29-01-2025 09:56,29-01-2025 12:16,29-01-2025 23:42,West,Billing Ops,A131,Morning,High,Refund Request,Phone,8,2.34,13.77,Yes,5.77,Yes,No,Resolved,No,Incomplete Customer Information,Customer Response,3
T0500,C1651,19-04-2025 14:03,19-04-2025 15:25,21-04-2025 04:19,West,L1 Support,A133,Afternoon,Low,Order Delay,Chat,48,1.38,38.28,No,0,No,Yes,Resolved,No,No Major Delay,None,4
T0501,C1050,20-03-2025 17:21,20-03-2025 19:29,23-03-2025 21:28,West,Billing Ops,A108,Afternoon,Low,Refund Request,Email,48,2.14,76.13,Yes,28.13,No,No,Resolved,No,Agent Capacity Constraint,Resolution,3
T0502,C1289,21-01-2025 13:21,21-01-2025 16:06,22-01-2025 06:05,South,Escalations,A115,Morning,Medium,Account Update,Portal,24,2.75,16.74,No,0,Yes,No,Resolved,No,No Major Delay,None,5
T0503,C1155,23-04-2025 12:55,23-04-2025 13:19,23-04-2025 18:30,South,Account Ops,A109,Morning,High,Payment Failure,Email,8,0.41,5.59,No,0,No,Yes,Resolved,No,No Major Delay,None,4
T0504,C1508,03-01-2025 12:17,03-01-2025 12:35,04-01-2025 01:41,West,L1 Support,A128,Morning,Critical,Technical Bug,Email,4,0.31,13.4,Yes,9.4,Yes,No,Resolved,No,Agent Capacity Constraint,Resolution,4
T0505,C1631,27-02-2025 13:30,27-02-2025 16:39,01-03-2025 06:06,Central,Escalations,A126,Morning,Medium,Subscription Change,Chat,24,3.16,40.6,Yes,16.6,Yes,No,Resolved,No,Technical Dependency,Escalation,4
T0506,C1667,17-04-2025 10:02,17-04-2025 12:15,18-04-2025 07:06,Central,Technical Ops,A120,Morning,Low,Technical Bug,Chat,48,2.23,21.07,No,0,No,No,Resolved,No,No Major Delay,None,5
T0507,C1895,18-02-2025 10:48,18-02-2025 13:12,19-02-2025 03:42,West,Escalations,A128,Morning,High,Technical Bug,Phone,8,2.4,16.91,Yes,8.91,Yes,No,Resolved,No,Incomplete Customer Information,Customer Response,2
T0508,C1958,24-04-2025 13:36,24-04-2025 14:12,25-04-2025 03:13,East,Technical Ops,A134,Morning,Medium,Account Update,Email,24,0.6,13.62,No,0,No,No,Resolved,No,No Major Delay,None,5
T0509,C1950,02-03-2025 09:00,02-03-2025 09:43,03-03-2025 06:41,South,L1 Support,A127,Morning,High,Order Delay,Email,8,0.73,21.69,Yes,13.69,Yes,No,Resolved,No,Technical Dependency,Escalation,3
T0510,C1873,24-03-2025 11:04,24-03-2025 11:33,24-03-2025 22:13,West,Account Ops,A117,Morning,High,Refund Request,Phone,8,0.49,11.15,Yes,3.15,Yes,No,Resolved,No,Incomplete Customer Information,Customer Response,3
T0511,C1778,12-01-2025 17:09,12-01-2025 18:40,14-01-2025 05:33,Central,Billing Ops,A115,Afternoon,Medium,Refund Request,Chat,24,1.53,36.41,Yes,12.41,Yes,No,Resolved,No,Technical Dependency,Escalation,3
T0512,C1445,11-01-2025 17:53,11-01-2025 18:33,12-01-2025 05:16,West,Technical Ops,A134,Afternoon,High,Technical Bug,Chat,8,0.67,11.39,Yes,3.39,No,No,Resolved,No,Agent Capacity Constraint,Resolution,4
T0513,C1013,23-04-2025 11:24,23-04-2025 14:12,25-04-2025 03:36,East,Account Ops,A114,Morning,Medium,Payment Failure,Chat,24,2.81,40.2,Yes,16.2,Yes,No,Resolved,No,Agent Capacity Constraint,Resolution,3
T0514,C1106,16-04-2025 08:55,16-04-2025 10:26,16-04-2025 22:53,East,Technical Ops,A104,Morning,Medium,Login/Access,Chat,24,1.52,13.97,No,0,Yes,No,Resolved,No,No Major Delay,None,5
T0515,C1600,23-03-2025 08:20,23-03-2025 09:27,23-03-2025 14:36,South,Technical Ops,A108,Morning,Critical,Login/Access,Chat,4,1.12,6.27,Yes,2.27,Yes,No,Closed,No,High Complexity,Diagnosis,4
T0516,C1359,08-04-2025 16:09,08-04-2025 16:35,10-04-2025 02:19,North,L1 Support,A105,Afternoon,Medium,Account Update,Portal,24,0.44,34.18,Yes,10.18,Yes,No,Resolved,No,High Complexity,Diagnosis,3
T0517,C1755,24-01-2025 13:37,24-01-2025 14:42,25-01-2025 04:37,North,Escalations,A112,Morning,High,Technical Bug,Phone,8,1.09,15,Yes,7,Yes,No,Resolved,No,Agent Capacity Constraint,Resolution,3
T0518,C1174,26-01-2025 10:18,26-01-2025 11:43,26-01-2025 16:54,East,Technical Ops,A113,Morning,High,Login/Access,Email,8,1.43,6.61,No,0,No,No,Resolved,No,No Major Delay,None,5
T0519,C1577,31-03-2025 16:35,31-03-2025 18:09,01-04-2025 09:11,West,L1 Support,A119,Afternoon,Critical,Order Delay,Email,4,1.58,16.61,Yes,12.61,No,No,Resolved,No,Delayed Assignment,Assignment,3
T0520,C1408,02-03-2025 13:21,02-03-2025 16:09,03-03-2025 09:13,North,Escalations,A101,Morning,Medium,Technical Bug,Email,24,2.81,19.87,No,0,Yes,No,Resolved,No,No Major Delay,None,5
T0521,C1988,26-04-2025 16:06,26-04-2025 18:28,27-04-2025 12:52,East,Billing Ops,A115,Afternoon,Medium,Refund Request,Chat,24,2.37,20.78,No,0,Yes,No,Closed,No,No Major Delay,None,5
T0522,C1157,09-02-2025 10:51,09-02-2025 12:09,10-02-2025 19:04,Central,L1 Support,A104,Morning,Medium,Technical Bug,Chat,24,1.31,32.23,Yes,8.23,Yes,Yes,Resolved,No,Approval Dependency,Approval,3
T0523,C1546,27-04-2025 15:42,27-04-2025 18:10,28-04-2025 20:57,East,Escalations,A126,Afternoon,Medium,Order Delay,Email,24,2.48,29.26,Yes,5.26,Yes,No,Resolved,No,Agent Capacity Constraint,Resolution,3
T0524,C1318,06-03-2025 08:39,06-03-2025 09:30,06-03-2025 17:12,Central,L1 Support,A124,Morning,Critical,Technical Bug,Email,4,0.85,8.56,Yes,4.56,Yes,Yes,Resolved,No,Agent Capacity Constraint,Resolution,2
T0525,C1686,01-03-2025 09:22,01-03-2025 09:50,03-03-2025 04:22,North,L1 Support,A134,Morning,Medium,Order Delay,Email,24,0.48,43,Yes,19,No,No,Resolved,No,Technical Dependency,Escalation,4
T0526,C1832,10-04-2025 15:45,10-04-2025 18:40,13-04-2025 03:01,East,Escalations,A129,Afternoon,Medium,Order Delay,Phone,24,2.93,59.27,Yes,35.27,Yes,No,Resolved,No,Agent Capacity Constraint,Resolution,2
T0527,C1365,24-04-2025 17:43,24-04-2025 19:06,26-04-2025 08:52,West,Account Ops,A130,Afternoon,Medium,Order Delay,Email,24,1.39,39.15,Yes,15.15,Yes,No,Resolved,No,Technical Dependency,Escalation,4
T0528,C1623,25-02-2025 12:22,25-02-2025 14:29,27-02-2025 02:52,West,Technical Ops,A110,Morning,Medium,Technical Bug,Email,24,2.13,38.5,Yes,14.5,No,No,Resolved,No,Delayed Assignment,Assignment,4
T0529,C1526,03-01-2025 10:47,03-01-2025 13:19,05-01-2025 08:09,North,Technical Ops,A120,Morning,Low,Data Correction,Phone,48,2.54,45.37,No,0,Yes,No,Resolved,No,No Major Delay,None,5
T0530,C1650,27-03-2025 08:38,27-03-2025 09:20,27-03-2025 20:19,North,L1 Support,A112,Morning,Medium,Order Delay,Phone,24,0.71,11.69,No,0,No,No,Closed,No,No Major Delay,None,5
T0531,C1510,23-03-2025 17:21,23-03-2025 18:52,23-03-2025 23:19,North,Billing Ops,A130,Afternoon,High,Payment Failure,Chat,8,1.53,5.98,No,0,No,No,Closed,No,No Major Delay,None,5
T0532,C1290,14-02-2025 09:13,14-02-2025 12:00,15-02-2025 11:36,West,Escalations,A132,Morning,High,Data Correction,Email,8,2.79,26.39,Yes,18.39,Yes,No,Closed,No,Technical Dependency,Escalation,4
T0533,C1327,28-01-2025 11:07,28-01-2025 11:49,29-01-2025 05:26,South,L1 Support,A108,Morning,Medium,Technical Bug,Phone,24,0.7,18.33,No,0,No,No,Resolved,No,No Major Delay,None,5
T0534,C1029,06-02-2025 15:10,06-02-2025 17:23,09-02-2025 04:20,East,Escalations,A132,Afternoon,Low,Data Correction,Phone,48,2.22,61.18,Yes,13.18,Yes,No,Resolved,No,Incomplete Customer Information,Customer Response,3
T0535,C1935,01-02-2025 10:36,01-02-2025 12:43,02-02-2025 08:12,Central,Account Ops,A102,Morning,Medium,Payment Failure,Phone,24,2.12,21.61,No,0,No,No,Resolved,No,No Major Delay,None,5
T0536,C1930,09-01-2025 08:13,09-01-2025 09:42,09-01-2025 22:32,South,Billing Ops,A121,Morning,High,Account Update,Email,8,1.49,14.33,Yes,6.33,No,No,Closed,No,High Complexity,Diagnosis,4
T0537,C1733,10-01-2025 14:16,10-01-2025 17:54,11-01-2025 18:52,North,Escalations,A131,Afternoon,High,Technical Bug,Email,8,3.64,28.61,Yes,20.61,Yes,Yes,Resolved,No,High Complexity,Diagnosis,2
T0538,C1705,16-02-2025 14:42,16-02-2025 18:09,20-02-2025 06:48,West,L1 Support,A108,Afternoon,Low,Data Correction,Phone,48,3.45,88.11,Yes,40.11,Yes,No,Resolved,No,Technical Dependency,Escalation,3
T0539,C1622,23-04-2025 13:36,23-04-2025 14:37,24-04-2025 16:18,East,L1 Support,A119,Morning,Medium,Order Delay,Phone,24,1.02,26.71,Yes,2.71,No,No,Resolved,No,High Complexity,Diagnosis,3
T0540,C1513,03-02-2025 13:46,03-02-2025 16:24,03-02-2025 20:40,South,Technical Ops,A110,Morning,High,Account Update,Email,8,2.64,6.91,No,0,No,No,Resolved,No,No Major Delay,None,5
T0541,C1866,18-02-2025 08:42,18-02-2025 10:58,19-02-2025 01:10,West,Escalations,A112,Morning,High,Account Update,Chat,8,2.28,16.47,Yes,8.47,Yes,No,Closed,No,Agent Capacity Constraint,Resolution,4
T0542,C1757,06-03-2025 09:17,06-03-2025 11:24,08-03-2025 01:21,South,L1 Support,A107,Morning,Low,Order Delay,Chat,48,2.12,40.08,No,0,Yes,No,Resolved,No,No Major Delay,None,5
T0543,C1052,12-01-2025 11:46,12-01-2025 12:08,13-01-2025 04:50,South,Billing Ops,A118,Morning,High,Subscription Change,Email,8,0.38,17.08,Yes,9.08,No,No,Closed,No,Technical Dependency,Escalation,3
T0544,C1000,18-03-2025 15:19,18-03-2025 17:08,19-03-2025 01:49,South,Technical Ops,A135,Afternoon,High,Data Correction,Phone,8,1.83,10.51,Yes,2.51,No,No,Closed,No,High Complexity,Diagnosis,3
T0545,C1521,24-03-2025 12:16,24-03-2025 13:10,25-03-2025 04:59,East,Account Ops,A131,Morning,High,Account Update,Phone,8,0.9,16.73,Yes,8.73,No,No,Closed,No,Technical Dependency,Escalation,4
T0546,C1584,29-03-2025 16:52,29-03-2025 21:16,30-03-2025 10:22,North,Escalations,A129,Afternoon,Medium,Payment Failure,Chat,24,4.41,17.51,No,0,Yes,No,Resolved,No,No Major Delay,None,4
T0547,C1744,08-03-2025 15:41,08-03-2025 17:03,09-03-2025 09:41,South,Account Ops,A111,Afternoon,Medium,Refund Request,Chat,24,1.37,18.01,No,0,No,No,Resolved,No,No Major Delay,None,5
T0548,C1756,22-02-2025 13:41,22-02-2025 16:36,24-02-2025 03:21,West,L1 Support,A126,Morning,Medium,Order Delay,Email,24,2.93,37.68,Yes,13.68,Yes,No,Resolved,No,Agent Capacity Constraint,Resolution,3
T0549,C1103,03-04-2025 17:30,03-04-2025 20:21,04-04-2025 06:51,Central,Billing Ops,A121,Afternoon,High,Payment Failure,Phone,8,2.85,13.36,Yes,5.36,No,No,Resolved,No,Incorrect Routing,Routing,3
T0550,C1266,06-04-2025 09:20,06-04-2025 10:47,06-04-2025 21:26,Central,L1 Support,A131,Morning,Critical,Account Update,Phone,4,1.46,12.1,Yes,8.1,No,No,Closed,No,Agent Capacity Constraint,Resolution,3
T0551,C1657,27-02-2025 11:11,27-02-2025 12:01,27-02-2025 23:50,North,Account Ops,A124,Morning,Medium,Order Delay,Email,24,0.84,12.66,No,0,No,No,Resolved,No,No Major Delay,None,5
T0552,C1817,14-03-2025 14:02,14-03-2025 16:40,15-03-2025 17:39,West,L1 Support,A133,Afternoon,Medium,Account Update,Chat,24,2.64,27.62,Yes,3.62,Yes,Yes,Resolved,No,Delayed Assignment,Assignment,3
T0553,C1006,01-03-2025 15:56,01-03-2025 20:00,03-03-2025 04:04,Central,Escalations,A128,Afternoon,Medium,Order Delay,Portal,24,4.07,36.14,Yes,12.14,Yes,No,Resolved,No,Technical Dependency,Escalation,2
T0554,C1791,09-04-2025 13:34,09-04-2025 15:37,10-04-2025 06:52,North,Technical Ops,A115,Morning,Medium,Account Update,Email,24,2.06,17.3,No,0,No,No,Resolved,No,No Major Delay,None,5
T0555,C1140,09-01-2025 13:55,09-01-2025 14:45,09-01-2025 20:11,North,Account Ops,A135,Morning,High,Refund Request,Email,8,0.84,6.27,No,0,No,No,Resolved,No,No Major Delay,None,5
T0556,C1214,27-02-2025 15:25,27-02-2025 20:28,28-02-2025 10:49,North,Escalations,A114,Afternoon,Low,Subscription Change,Chat,48,5.05,19.4,No,0,Yes,No,Resolved,No,No Major Delay,None,4
T0557,C1444,16-02-2025 15:16,16-02-2025 18:07,17-02-2025 01:13,Central,Technical Ops,A106,Afternoon,High,Technical Bug,Phone,8,2.85,9.96,Yes,1.96,No,Yes,Closed,No,Agent Capacity Constraint,Resolution,3
T0558,C1676,05-02-2025 13:02,05-02-2025 16:11,06-02-2025 08:15,South,Escalations,A102,Morning,Low,Data Correction,Portal,48,3.16,19.23,No,0,Yes,No,Closed,No,No Major Delay,None,5
T0559,C1047,29-04-2025 09:50,29-04-2025 12:32,30-04-2025 15:37,South,Escalations,A112,Morning,High,Technical Bug,Phone,8,2.71,29.79,Yes,21.79,Yes,No,Closed,No,Approval Dependency,Approval,4
T0560,C1672,09-01-2025 09:30,09-01-2025 10:51,10-01-2025 09:49,Central,Account Ops,A106,Morning,Medium,Order Delay,Email,24,1.36,24.33,Yes,0.33,No,Yes,Resolved,No,Technical Dependency,Escalation,3
T0561,C1308,14-04-2025 10:14,14-04-2025 12:30,15-04-2025 02:51,North,Billing Ops,A115,Morning,Medium,Subscription Change,Phone,24,2.28,16.62,No,0,No,No,Resolved,No,No Major Delay,None,5
T0562,C1813,17-02-2025 10:37,17-02-2025 13:11,17-02-2025 23:29,Central,Account Ops,A109,Morning,High,Subscription Change,Phone,8,2.58,12.87,Yes,4.87,No,No,Resolved,No,Delayed Assignment,Assignment,3
T0563,C1345,15-04-2025 17:25,15-04-2025 18:13,15-04-2025 22:56,North,Technical Ops,A113,Afternoon,High,Account Update,Phone,8,0.8,5.53,No,0,Yes,No,Closed,No,No Major Delay,None,5
T0564,C1563,13-02-2025 16:16,13-02-2025 17:47,14-02-2025 19:10,East,Billing Ops,A107,Afternoon,Low,Payment Failure,Chat,48,1.53,26.91,No,0,Yes,No,Resolved,No,No Major Delay,None,5
T0565,C1545,15-04-2025 16:12,15-04-2025 20:21,16-04-2025 11:39,East,Escalations,A133,Afternoon,Medium,Payment Failure,Email,24,4.16,19.45,No,0,Yes,No,Resolved,No,No Major Delay,None,4
T0566,C1479,07-04-2025 10:34,07-04-2025 12:28,08-04-2025 18:50,Central,Account Ops,A115,Morning,Medium,Payment Failure,Email,24,1.91,32.28,Yes,8.28,No,No,Closed,No,Approval Dependency,Approval,4
T0567,C1198,20-03-2025 17:04,20-03-2025 19:12,21-03-2025 15:47,East,Escalations,A114,Afternoon,High,Order Delay,Email,8,2.14,22.72,Yes,14.72,Yes,No,Resolved,No,High Complexity,Diagnosis,2
T0568,C1127,16-03-2025 10:13,16-03-2025 14:19,16-03-2025 23:05,South,Escalations,A108,Morning,High,Account Update,Portal,8,4.1,12.87,Yes,4.87,Yes,No,Resolved,No,Technical Dependency,Escalation,1
T0569,C1870,25-04-2025 12:07,25-04-2025 14:20,27-04-2025 16:32,South,Escalations,A103,Morning,Medium,Technical Bug,Email,24,2.23,52.43,Yes,28.43,Yes,Yes,Resolved,No,High Complexity,Diagnosis,1
T0570,C1799,23-03-2025 16:21,23-03-2025 18:53,25-03-2025 21:24,West,Account Ops,A118,Afternoon,Medium,Order Delay,Phone,24,2.54,53.06,Yes,29.06,Yes,No,Resolved,No,Incomplete Customer Information,Customer Response,2
T0571,C1355,14-01-2025 17:53,14-01-2025 23:32,15-01-2025 22:45,Central,Escalations,A125,Afternoon,Low,Technical Bug,Chat,48,5.65,28.88,No,0,Yes,No,Resolved,No,No Major Delay,None,4
T0572,C1699,04-01-2025 11:36,04-01-2025 13:34,05-01-2025 01:34,West,L1 Support,A128,Morning,Medium,Technical Bug,Phone,24,1.97,13.97,No,0,Yes,No,Resolved,No,No Major Delay,None,5
T0573,C1341,21-01-2025 11:35,21-01-2025 13:18,21-01-2025 16:44,South,Billing Ops,A117,Morning,High,Subscription Change,Email,8,1.73,5.15,No,0,No,No,Closed,No,No Major Delay,None,5
T0574,C1114,23-03-2025 10:48,23-03-2025 11:44,24-03-2025 06:42,South,L1 Support,A121,Morning,Medium,Technical Bug,Email,24,0.94,19.91,No,0,No,No,Resolved,No,No Major Delay,None,5
T0575,C1943,10-01-2025 11:05,10-01-2025 12:57,10-01-2025 18:48,Central,Billing Ops,A126,Morning,High,Refund Request,Chat,8,1.87,7.73,No,0,No,No,Resolved,No,No Major Delay,None,5
T0576,C1012,01-02-2025 16:09,01-02-2025 17:07,02-02-2025 12:17,East,Account Ops,A129,Afternoon,Medium,Order Delay,Chat,24,0.97,20.14,No,0,No,No,Resolved,No,No Major Delay,None,5
T0577,C1441,19-04-2025 16:37,19-04-2025 18:25,20-04-2025 00:23,Central,Account Ops,A113,Afternoon,High,Subscription Change,Phone,8,1.81,7.78,No,0,No,No,Closed,No,No Major Delay,None,5
T0578,C1999,16-03-2025 10:06,16-03-2025 12:30,17-03-2025 15:40,South,Billing Ops,A116,Morning,Medium,Subscription Change,Email,24,2.4,29.58,Yes,5.58,No,No,Resolved,No,High Complexity,Diagnosis,3
T0579,C1736,09-01-2025 10:01,09-01-2025 11:47,09-01-2025 14:46,West,Account Ops,A132,Morning,Medium,Subscription Change,Email,24,1.77,4.76,No,0,No,No,Resolved,No,No Major Delay,None,5
T0580,C1366,09-02-2025 16:44,09-02-2025 19:30,10-02-2025 16:33,North,Escalations,A114,Afternoon,High,Refund Request,Chat,8,2.77,23.82,Yes,15.82,Yes,No,Resolved,No,Agent Capacity Constraint,Resolution,4
T0581,C1713,10-04-2025 10:53,10-04-2025 14:23,11-04-2025 04:50,North,Escalations,A116,Morning,Medium,Order Delay,Chat,24,3.51,17.96,No,0,Yes,No,Resolved,No,No Major Delay,None,5
T0582,C1001,03-02-2025 14:12,03-02-2025 17:09,04-02-2025 15:31,South,Account Ops,A132,Afternoon,Medium,Order Delay,Email,24,2.96,25.32,Yes,1.32,Yes,No,Resolved,No,Incorrect Routing,Routing,3
T0583,C1900,25-01-2025 17:31,25-01-2025 18:31,26-01-2025 18:04,North,L1 Support,A105,Afternoon,Low,Technical Bug,Email,48,1.01,24.55,No,0,No,No,Resolved,No,No Major Delay,None,5
T0584,C1966,09-02-2025 12:06,09-02-2025 14:54,11-02-2025 13:16,West,Escalations,A108,Morning,Low,Technical Bug,Email,48,2.8,49.17,Yes,1.17,Yes,No,Closed,No,Incorrect Routing,Routing,2
T0585,C1559,08-01-2025 15:51,08-01-2025 17:54,09-01-2025 15:29,East,Technical Ops,A126,Afternoon,High,Technical Bug,Email,8,2.05,23.64,Yes,15.64,No,No,Resolved,No,High Complexity,Diagnosis,3
T0586,C1192,04-01-2025 15:06,04-01-2025 16:39,05-01-2025 04:50,South,Billing Ops,A125,Afternoon,Medium,Refund Request,Phone,24,1.56,13.74,No,0,No,No,Closed,No,Agent Capacity Constraint,Resolution,5
T0587,C1379,07-01-2025 12:24,07-01-2025 16:01,07-01-2025 19:55,Central,Account Ops,A104,Morning,Low,Refund Request,Chat,48,3.62,7.53,No,0,No,No,Resolved,No,No Major Delay,None,5
T0588,C1399,05-03-2025 11:36,05-03-2025 11:50,,South,L1 Support,A105,Morning,Medium,Login/Access,Email,24,0.24,,,,No,Yes,Pending,Yes,Agent Capacity Constraint,Resolution,
T0589,C1922,24-02-2025 17:45,24-02-2025 20:11,27-02-2025 02:09,West,Billing Ops,A117,Afternoon,Low,Account Update,Email,48,2.44,56.4,Yes,8.4,Yes,No,Resolved,No,Technical Dependency,Escalation,3
T0590,C1291,30-03-2025 11:04,30-03-2025 11:35,31-03-2025 12:07,East,L1 Support,A129,Morning,High,Order Delay,Chat,8,0.52,25.06,Yes,17.06,Yes,No,Resolved,No,Incorrect Routing,Routing,3
T0591,C1515,08-03-2025 08:30,08-03-2025 09:51,11-03-2025 01:41,North,Escalations,A132,Morning,Low,Refund Request,Phone,48,1.36,65.19,Yes,17.19,Yes,No,Resolved,No,High Complexity,Diagnosis,4
T0592,C1738,02-02-2025 10:22,02-02-2025 14:32,03-02-2025 14:02,South,Escalations,A122,Morning,Low,Payment Failure,Chat,48,4.17,27.68,No,0,Yes,No,Resolved,No,No Major Delay,None,4
T0593,C1833,10-02-2025 08:07,10-02-2025 11:02,11-02-2025 23:40,North,Escalations,A110,Morning,Medium,Order Delay,Chat,24,2.92,39.56,Yes,15.56,Yes,Yes,Resolved,No,Agent Capacity Constraint,Resolution,3
T0594,C1920,24-03-2025 14:18,24-03-2025 15:34,25-03-2025 13:08,South,Technical Ops,A131,Afternoon,Medium,Technical Bug,Chat,24,1.28,22.84,No,0,No,No,Resolved,No,No Major Delay,None,5
T0595,C1415,23-04-2025 10:23,23-04-2025 12:53,24-04-2025 03:38,East,Escalations,A125,Morning,High,Technical Bug,Email,8,2.51,17.26,Yes,9.26,Yes,No,Resolved,No,Delayed Assignment,Assignment,2
T0596,C1883,21-02-2025 10:46,21-02-2025 11:39,22-02-2025 05:45,West,Technical Ops,A122,Morning,Medium,Account Update,Phone,24,0.89,18.99,No,0,No,No,Resolved,No,No Major Delay,None,5
T0597,C1581,08-02-2025 17:26,08-02-2025 18:26,11-02-2025 06:10,East,L1 Support,A135,Afternoon,Low,Account Update,Email,48,1.01,60.74,Yes,12.74,No,No,Resolved,No,Technical Dependency,Escalation,3
T0598,C1008,10-02-2025 15:15,10-02-2025 15:49,12-02-2025 05:39,Central,Account Ops,A113,Afternoon,Medium,Refund Request,Chat,24,0.57,38.41,Yes,14.41,No,No,Resolved,No,Incomplete Customer Information,Customer Response,4
T0599,C1901,09-02-2025 09:23,09-02-2025 10:44,11-02-2025 03:14,East,L1 Support,A110,Morning,Low,Order Delay,Chat,48,1.35,41.85,No,0,Yes,No,Resolved,No,No Major Delay,None,5
T0600,C1020,05-02-2025 11:07,05-02-2025 11:43,05-02-2025 15:41,Central,Account Ops,A131,Morning,High,Account Update,Portal,8,0.61,4.57,No,0,Yes,No,Resolved,No,No Major Delay,None,5
T0601,C1328,27-03-2025 17:22,27-03-2025 20:20,,East,Billing Ops,A102,Afternoon,Medium,Subscription Change,Portal,24,2.97,,,,Yes,No,Pending,Yes,Incorrect Routing,Routing,
T0602,C1279,16-02-2025 12:12,16-02-2025 15:09,17-02-2025 03:51,North,L1 Support,A127,Morning,High,Order Delay,Phone,8,2.95,15.65,Yes,7.65,No,No,Resolved,No,Agent Capacity Constraint,Resolution,4
T0603,C1350,03-01-2025 12:24,03-01-2025 13:55,05-01-2025 00:46,West,L1 Support,A101,Morning,Medium,Order Delay,Chat,24,1.52,36.37,Yes,12.37,No,No,Resolved,No,Incorrect Routing,Routing,4
T0604,C1585,28-04-2025 09:51,28-04-2025 10:56,29-04-2025 00:51,East,Technical Ops,A106,Morning,High,Account Update,Phone,8,1.09,15.01,Yes,7.01,No,Yes,Resolved,No,Delayed Assignment,Assignment,3
T0605,C1810,22-03-2025 15:40,22-03-2025 18:40,24-03-2025 08:52,North,Account Ops,A105,Afternoon,Low,Order Delay,Email,48,3,41.2,No,0,Yes,No,Resolved,No,No Major Delay,None,5
T0606,C1202,05-03-2025 17:45,05-03-2025 18:45,06-03-2025 08:23,North,Billing Ops,A113,Afternoon,Medium,Payment Failure,Phone,24,1.01,14.64,No,0,Yes,No,Resolved,No,Delayed Assignment,Assignment,5
T0607,C1699,30-01-2025 10:25,30-01-2025 12:16,31-01-2025 05:35,Central,L1 Support,A121,Morning,High,Order Delay,Portal,8,1.86,19.17,Yes,11.17,No,No,Closed,No,Technical Dependency,Escalation,3
T0608,C1307,08-04-2025 15:00,08-04-2025 18:13,10-04-2025 02:34,North,Escalations,A128,Afternoon,High,Order Delay,Email,8,3.23,35.58,Yes,27.58,Yes,No,Resolved,No,Agent Capacity Constraint,Resolution,3
T0609,C1374,12-04-2025 14:29,12-04-2025 16:21,14-04-2025 19:18,South,Billing Ops,A130,Afternoon,Low,Refund Request,Email,48,1.88,52.82,Yes,4.82,No,No,Resolved,No,Agent Capacity Constraint,Resolution,3
T0610,C1163,04-02-2025 13:12,04-02-2025 14:02,05-02-2025 02:03,South,L1 Support,A126,Morning,Critical,Order Delay,Email,4,0.84,12.85,Yes,8.85,Yes,No,Closed,No,High Complexity,Diagnosis,3
T0611,C1742,08-03-2025 15:51,08-03-2025 17:25,09-03-2025 21:37,East,L1 Support,A119,Afternoon,Medium,Data Correction,Portal,24,1.57,29.77,Yes,5.77,No,No,Resolved,No,Incomplete Customer Information,Customer Response,3
T0612,C1199,27-01-2025 13:44,27-01-2025 16:22,28-01-2025 09:04,South,Technical Ops,A124,Morning,Medium,Data Correction,Phone,24,2.64,19.34,No,0,No,No,Resolved,No,No Major Delay,None,5
T0613,C1981,02-03-2025 08:20,02-03-2025 08:54,03-03-2025 14:13,Central,Account Ops,A116,Morning,Low,Subscription Change,Portal,48,0.58,29.89,No,0,Yes,No,Closed,No,No Major Delay,None,5
T0614,C1321,08-01-2025 15:15,08-01-2025 15:27,08-01-2025 23:35,West,L1 Support,A124,Afternoon,Medium,Login/Access,Chat,24,0.21,8.34,No,0,No,No,Resolved,No,No Major Delay,None,5
T0615,C1659,25-01-2025 16:51,25-01-2025 17:45,26-01-2025 09:49,South,Technical Ops,A104,Afternoon,Medium,Technical Bug,Portal,24,0.9,16.97,No,0,No,No,Resolved,No,No Major Delay,None,5
T0616,C1334,08-04-2025 13:06,08-04-2025 14:57,10-04-2025 12:49,West,L1 Support,A111,Morning,Low,Login/Access,Chat,48,1.85,47.72,No,0,No,No,Resolved,No,Delayed Assignment,Assignment,5
T0617,C1730,20-02-2025 10:20,20-02-2025 12:39,21-02-2025 01:44,East,L1 Support,A128,Morning,Medium,Account Update,Chat,24,2.33,15.4,No,0,No,Yes,Resolved,No,No Major Delay,None,4
T0618,C1118,16-02-2025 13:21,16-02-2025 15:09,17-02-2025 00:43,North,Escalations,A116,Morning,High,Login/Access,Email,8,1.8,11.37,Yes,3.37,Yes,No,Resolved,No,Technical Dependency,Escalation,4
T0619,C1504,06-01-2025 11:48,06-01-2025 12:34,08-01-2025 04:16,South,L1 Support,A115,Morning,Low,Order Delay,Email,48,0.78,40.47,No,0,No,No,Closed,No,Delayed Assignment,Assignment,5
T0620,C1163,01-01-2025 13:44,01-01-2025 15:27,02-01-2025 04:54,West,L1 Support,A115,Morning,Critical,Order Delay,Phone,4,1.73,15.18,Yes,11.18,Yes,No,Resolved,No,Incomplete Customer Information,Customer Response,3
T0621,C1753,27-02-2025 17:41,27-02-2025 20:38,28-02-2025 08:59,East,L1 Support,A119,Afternoon,Low,Order Delay,Email,48,2.95,15.3,No,0,Yes,No,Closed,No,No Major Delay,None,5
T0622,C1771,24-04-2025 12:13,24-04-2025 14:13,25-04-2025 04:59,South,Escalations,A115,Morning,Medium,Order Delay,Chat,24,2,16.78,No,0,Yes,No,Resolved,No,No Major Delay,None,5
T0623,C1661,20-04-2025 08:39,20-04-2025 08:52,20-04-2025 14:05,Central,Technical Ops,A107,Morning,High,Technical Bug,Phone,8,0.23,5.44,No,0,No,No,Resolved,No,Incomplete Customer Information,Customer Response,5
T0624,C1811,26-04-2025 09:19,26-04-2025 10:47,,East,L1 Support,A120,Morning,High,Account Update,Email,8,1.48,,,,No,No,Pending,Yes,No Major Delay,None,
T0625,C1045,31-03-2025 17:30,31-03-2025 18:53,01-04-2025 01:52,West,Billing Ops,A118,Afternoon,Critical,Subscription Change,Email,4,1.39,8.38,Yes,4.38,No,No,Resolved,No,Delayed Assignment,Assignment,4
T0626,C1760,22-04-2025 11:15,22-04-2025 13:43,24-04-2025 07:58,East,Account Ops,A102,Morning,Medium,Subscription Change,Chat,24,2.47,44.72,Yes,20.72,No,No,Resolved,No,High Complexity,Diagnosis,4
T0627,C1688,26-04-2025 13:46,26-04-2025 14:10,26-04-2025 19:20,Central,Account Ops,A111,Morning,Critical,Account Update,Phone,4,0.4,5.58,Yes,1.58,No,No,Resolved,No,Agent Capacity Constraint,Resolution,4
T0628,C1163,15-02-2025 15:28,15-02-2025 18:44,16-02-2025 08:35,Central,L1 Support,A109,Afternoon,Low,Technical Bug,Phone,48,3.27,17.12,No,0,No,No,Closed,No,No Major Delay,None,5
T0629,C1839,08-03-2025 09:36,08-03-2025 15:24,10-03-2025 10:17,South,Escalations,A133,Morning,Low,Technical Bug,Chat,48,5.81,48.69,Yes,0.69,Yes,No,Resolved,No,High Complexity,Diagnosis,1
T0630,C1195,30-03-2025 11:45,30-03-2025 14:10,,West,L1 Support,A130,Morning,Medium,Technical Bug,Chat,24,2.42,,,,Yes,No,Pending,Yes,High Complexity,Diagnosis,
T0631,C1695,24-02-2025 13:42,24-02-2025 15:06,24-02-2025 19:53,North,Technical Ops,A129,Morning,Critical,Login/Access,Email,4,1.4,6.19,Yes,2.19,No,No,Resolved,No,Technical Dependency,Escalation,3
T0632,C1084,09-04-2025 09:27,09-04-2025 12:35,10-04-2025 22:46,East,Escalations,A125,Morning,Medium,Login/Access,Phone,24,3.14,37.32,Yes,13.32,Yes,No,Resolved,No,Approval Dependency,Approval,3
T0633,C1548,09-02-2025 16:49,09-02-2025 20:00,10-02-2025 23:10,North,Escalations,A131,Afternoon,High,Order Delay,Phone,8,3.19,30.35,Yes,22.35,Yes,Yes,Closed,No,Delayed Assignment,Assignment,2
T0634,C1927,06-01-2025 12:38,06-01-2025 13:57,07-01-2025 09:33,Central,Escalations,A119,Morning,Medium,Login/Access,Email,24,1.32,20.92,No,0,Yes,Yes,Closed,No,No Major Delay,None,4
T0635,C1556,26-02-2025 09:06,26-02-2025 09:40,27-02-2025 03:10,East,Account Ops,A132,Morning,High,Account Update,Email,8,0.57,18.07,Yes,10.07,No,No,Resolved,No,High Complexity,Diagnosis,3
T0636,C1269,27-03-2025 13:30,27-03-2025 16:16,28-03-2025 11:45,East,Technical Ops,A117,Morning,High,Technical Bug,Phone,8,2.77,22.26,Yes,14.26,No,No,Resolved,No,Technical Dependency,Escalation,3
T0637,C1249,06-04-2025 14:00,06-04-2025 15:37,06-04-2025 21:27,South,Billing Ops,A110,Afternoon,Medium,Subscription Change,Phone,24,1.63,7.46,No,0,No,No,Resolved,No,No Major Delay,None,5
T0638,C1370,22-03-2025 16:54,22-03-2025 17:39,26-03-2025 14:54,South,L1 Support,A125,Afternoon,Low,Order Delay,Chat,48,0.76,94,Yes,46,No,No,Closed,No,Agent Capacity Constraint,Resolution,4
T0639,C1076,03-04-2025 13:25,03-04-2025 17:46,05-04-2025 21:26,West,Escalations,A102,Morning,Low,Order Delay,Email,48,4.36,56.03,Yes,8.03,Yes,No,Resolved,No,Incomplete Customer Information,Customer Response,2
T0640,C1499,20-02-2025 12:29,20-02-2025 15:26,20-02-2025 23:18,North,L1 Support,A103,Morning,Medium,Login/Access,Phone,24,2.96,10.83,No,0,No,No,Resolved,No,No Major Delay,None,5
T0641,C1356,12-01-2025 15:21,12-01-2025 17:54,13-01-2025 23:26,Central,Escalations,A109,Afternoon,Medium,Order Delay,Chat,24,2.55,32.09,Yes,8.09,Yes,No,Resolved,No,Approval Dependency,Approval,4
T0642,C1177,24-04-2025 10:51,24-04-2025 12:07,25-04-2025 15:08,East,Account Ops,A113,Morning,Low,Payment Failure,Phone,48,1.28,28.29,No,0,No,No,Resolved,No,No Major Delay,None,5
T0643,C1831,20-02-2025 15:45,20-02-2025 17:32,21-02-2025 01:04,East,L1 Support,A132,Afternoon,High,Order Delay,Chat,8,1.79,9.33,Yes,1.33,Yes,No,Resolved,No,High Complexity,Diagnosis,4
T0644,C1548,07-01-2025 14:40,07-01-2025 16:59,09-01-2025 20:16,West,Billing Ops,A127,Afternoon,Low,Subscription Change,Portal,48,2.33,53.61,Yes,5.61,Yes,No,Resolved,No,Delayed Assignment,Assignment,3
T0645,C1175,21-03-2025 12:18,21-03-2025 13:09,22-03-2025 02:46,West,L1 Support,A108,Morning,High,Order Delay,Email,8,0.85,14.47,Yes,6.47,No,No,Closed,No,Technical Dependency,Escalation,4
T0646,C1237,16-01-2025 09:15,16-01-2025 10:16,19-01-2025 08:42,South,L1 Support,A118,Morning,Low,Order Delay,Phone,48,1.02,71.46,Yes,23.46,Yes,No,Resolved,No,Technical Dependency,Escalation,2
T0647,C1715,08-04-2025 12:13,08-04-2025 15:52,09-04-2025 10:07,West,Escalations,A125,Morning,High,Login/Access,Phone,8,3.66,21.9,Yes,13.9,Yes,No,Resolved,No,Agent Capacity Constraint,Resolution,3
T0648,C1353,18-02-2025 17:56,18-02-2025 18:12,19-02-2025 12:17,West,Billing Ops,A119,Afternoon,Medium,Payment Failure,Email,24,0.27,18.36,No,0,No,No,Resolved,No,No Major Delay,None,5
T0649,C1234,16-02-2025 12:30,16-02-2025 13:18,17-02-2025 04:58,West,Technical Ops,A123,Morning,Medium,Login/Access,Chat,24,0.81,16.47,No,0,No,Yes,Resolved,No,No Major Delay,None,4
T0650,C1481,07-02-2025 10:54,07-02-2025 12:37,07-02-2025 17:06,North,Billing Ops,A117,Morning,Critical,Subscription Change,Chat,4,1.72,6.21,Yes,2.21,Yes,No,Resolved,No,Incomplete Customer Information,Customer Response,3
T0651,C1875,04-02-2025 10:34,04-02-2025 12:26,05-02-2025 18:08,South,Account Ops,A105,Morning,Low,Subscription Change,Email,48,1.87,31.57,No,0,Yes,No,Resolved,No,No Major Delay,None,5
T0652,C1139,19-04-2025 10:15,19-04-2025 12:47,,North,Billing Ops,A104,Morning,High,Refund Request,Phone,8,2.54,,,,Yes,No,Pending,Yes,Incomplete Customer Information,Customer Response,
T0653,C1376,24-03-2025 16:22,24-03-2025 17:32,25-03-2025 07:08,West,L1 Support,A134,Afternoon,Critical,Technical Bug,Chat,4,1.18,14.77,Yes,10.77,Yes,No,Resolved,No,Delayed Assignment,Assignment,4
T0654,C1016,28-01-2025 14:49,28-01-2025 15:35,30-01-2025 01:04,West,Technical Ops,A113,Afternoon,Low,Login/Access,Phone,48,0.77,34.26,No,0,No,No,Resolved,No,No Major Delay,None,5
T0655,C1524,23-02-2025 08:15,23-02-2025 11:38,27-02-2025 20:27,East,Billing Ops,A114,Morning,Low,Subscription Change,Phone,48,3.39,108.21,Yes,60.21,Yes,No,Resolved,No,Technical Dependency,Escalation,2
T0656,C1291,13-01-2025 10:47,13-01-2025 12:17,13-01-2025 23:47,West,Escalations,A111,Morning,Medium,Login/Access,Email,24,1.5,13.01,No,0,Yes,No,Resolved,No,No Major Delay,None,5
T0657,C1936,10-04-2025 16:46,10-04-2025 18:23,11-04-2025 21:55,Central,L1 Support,A133,Afternoon,Medium,Order Delay,Email,24,1.62,29.15,Yes,5.15,No,No,Resolved,No,Incomplete Customer Information,Customer Response,4
T0658,C1169,14-03-2025 11:26,14-03-2025 14:06,15-03-2025 17:36,East,Technical Ops,A109,Morning,High,Technical Bug,Phone,8,2.67,30.17,Yes,22.17,Yes,Yes,Resolved,No,High Complexity,Diagnosis,3
T0659,C1285,03-02-2025 17:35,03-02-2025 20:59,05-02-2025 09:03,North,L1 Support,A124,Afternoon,Low,Technical Bug,Chat,48,3.4,39.47,No,0,Yes,No,Resolved,No,No Major Delay,None,5
T0660,C1517,03-04-2025 14:03,03-04-2025 15:21,06-04-2025 04:20,South,L1 Support,A133,Afternoon,Low,Order Delay,Email,48,1.3,62.29,Yes,14.29,No,No,Resolved,No,Approval Dependency,Approval,4
T0661,C1503,26-03-2025 09:49,26-03-2025 12:30,28-03-2025 03:28,West,L1 Support,A131,Morning,Medium,Order Delay,Phone,24,2.69,41.66,Yes,17.66,Yes,No,Closed,No,Delayed Assignment,Assignment,3
T0662,C1812,22-01-2025 13:10,22-01-2025 15:29,24-01-2025 23:42,South,Technical Ops,A116,Morning,Low,Account Update,Phone,48,2.33,58.54,Yes,10.54,No,No,Closed,No,Technical Dependency,Escalation,4
T0663,C1918,28-04-2025 13:42,28-04-2025 14:05,02-05-2025 04:24,North,Technical Ops,A124,Morning,Low,Data Correction,Email,48,0.39,86.71,Yes,38.71,No,No,Closed,No,High Complexity,Diagnosis,4
T0664,C1711,01-03-2025 17:54,01-03-2025 19:54,02-03-2025 11:25,North,Billing Ops,A119,Afternoon,Medium,Subscription Change,Email,24,2,17.52,No,0,No,Yes,Resolved,No,No Major Delay,None,4
T0665,C1340,19-04-2025 12:42,19-04-2025 13:34,20-04-2025 21:04,Central,Technical Ops,A116,Morning,Medium,Technical Bug,Email,24,0.87,32.37,Yes,8.37,Yes,Yes,Resolved,No,Technical Dependency,Escalation,3
T0666,C1883,27-01-2025 15:41,27-01-2025 16:19,29-01-2025 06:13,West,L1 Support,A120,Afternoon,Medium,Technical Bug,Phone,24,0.64,38.54,Yes,14.54,Yes,Yes,Closed,No,Technical Dependency,Escalation,1
T0667,C1789,11-04-2025 10:16,11-04-2025 14:18,12-04-2025 01:49,East,Escalations,A112,Morning,High,Payment Failure,Chat,8,4.04,15.55,Yes,7.55,Yes,No,Resolved,No,Approval Dependency,Approval,2
T0668,C1627,16-04-2025 16:12,16-04-2025 16:56,,East,L1 Support,A107,Afternoon,Critical,Account Update,Chat,4,0.74,,,,No,No,Pending,Yes,No Major Delay,None,
T0669,C1854,12-02-2025 08:26,12-02-2025 12:03,12-02-2025 21:29,North,Billing Ops,A130,Morning,Low,Payment Failure,Phone,48,3.63,13.06,No,0,No,No,Closed,No,No Major Delay,None,5
T0670,C1559,01-01-2025 16:14,01-01-2025 19:06,02-01-2025 10:00,East,L1 Support,A117,Afternoon,Medium,Technical Bug,Chat,24,2.87,17.77,No,0,No,No,Closed,No,No Major Delay,None,5
T0671,C1662,12-03-2025 12:49,12-03-2025 16:59,13-03-2025 19:22,East,Escalations,A114,Morning,Low,Login/Access,Chat,48,4.17,30.55,No,0,Yes,No,Resolved,No,No Major Delay,None,4
T0672,C1873,23-02-2025 10:57,23-02-2025 13:11,24-02-2025 12:04,North,Technical Ops,A119,Morning,High,Technical Bug,Email,8,2.24,25.13,Yes,17.13,No,No,Closed,No,Delayed Assignment,Assignment,4
T0673,C1397,13-02-2025 09:32,13-02-2025 14:18,14-02-2025 02:45,North,Escalations,A108,Morning,Low,Subscription Change,Chat,48,4.77,17.22,No,0,Yes,No,Resolved,No,No Major Delay,None,4
T0674,C1442,21-01-2025 10:21,21-01-2025 13:27,22-01-2025 16:45,East,L1 Support,A106,Morning,Low,Technical Bug,Chat,48,3.1,30.4,No,0,No,Yes,Closed,No,No Major Delay,None,4
T0675,C1680,06-04-2025 11:53,06-04-2025 14:38,07-04-2025 11:19,West,L1 Support,A105,Morning,High,Technical Bug,Email,8,2.76,23.44,Yes,15.44,Yes,Yes,Resolved,No,Technical Dependency,Escalation,2
T0676,C1319,13-01-2025 17:33,13-01-2025 19:10,15-01-2025 09:48,West,Escalations,A106,Afternoon,Low,Data Correction,Chat,48,1.62,40.26,No,0,Yes,Yes,Resolved,No,No Major Delay,None,4
T0677,C1026,15-04-2025 14:09,15-04-2025 16:43,16-04-2025 11:36,North,Technical Ops,A109,Afternoon,Medium,Account Update,Chat,24,2.58,21.46,No,0,No,No,Resolved,No,No Major Delay,None,5
T0678,C1563,13-01-2025 12:49,13-01-2025 16:10,14-01-2025 00:49,North,Account Ops,A107,Morning,Low,Refund Request,Chat,48,3.36,12.01,No,0,No,No,Closed,No,No Major Delay,None,5
T0679,C1828,12-03-2025 12:06,12-03-2025 15:42,16-03-2025 16:51,North,Escalations,A135,Morning,Low,Subscription Change,Chat,48,3.61,100.76,Yes,52.76,Yes,No,Resolved,No,Incomplete Customer Information,Customer Response,3
T0680,C1896,28-04-2025 17:44,28-04-2025 19:42,29-04-2025 20:15,East,Technical Ops,A111,Afternoon,Medium,Technical Bug,Email,24,1.97,26.52,Yes,2.52,No,No,Resolved,No,Incorrect Routing,Routing,4
T0681,C1117,09-03-2025 12:22,09-03-2025 15:17,10-03-2025 04:04,South,L1 Support,A125,Morning,High,Order Delay,Phone,8,2.93,15.71,Yes,7.71,No,No,Resolved,No,Agent Capacity Constraint,Resolution,3
T0682,C1109,06-01-2025 11:15,06-01-2025 13:30,08-01-2025 13:33,East,Billing Ops,A116,Morning,Medium,Payment Failure,Chat,24,2.25,50.31,Yes,26.31,No,No,Resolved,No,High Complexity,Diagnosis,3
T0683,C1258,08-03-2025 12:28,08-03-2025 15:04,09-03-2025 07:20,South,Technical Ops,A127,Morning,High,Technical Bug,Chat,8,2.6,18.88,Yes,10.88,No,No,Resolved,No,Technical Dependency,Escalation,4
T0684,C1884,23-04-2025 12:09,23-04-2025 12:36,23-04-2025 21:18,North,Technical Ops,A114,Morning,Critical,Technical Bug,Chat,4,0.45,9.16,Yes,5.16,Yes,No,Resolved,No,Agent Capacity Constraint,Resolution,3
T0685,C1020,24-03-2025 15:24,24-03-2025 19:46,25-03-2025 11:06,West,Escalations,A102,Afternoon,High,Technical Bug,Email,8,4.38,19.7,Yes,11.7,Yes,No,Resolved,No,Agent Capacity Constraint,Resolution,1
T0686,C1750,22-03-2025 15:33,22-03-2025 17:25,22-03-2025 19:48,North,Account Ops,A134,Afternoon,Critical,Subscription Change,Email,4,1.87,4.26,Yes,0.26,No,No,Resolved,No,Delayed Assignment,Assignment,4
T0687,C1044,02-03-2025 17:12,02-03-2025 20:31,03-03-2025 21:14,East,Escalations,A123,Afternoon,High,Order Delay,Chat,8,3.32,28.04,Yes,20.04,Yes,No,Resolved,No,Delayed Assignment,Assignment,4
T0688,C1214,29-01-2025 11:13,29-01-2025 11:31,29-01-2025 13:34,North,Account Ops,A129,Morning,High,Account Update,Email,8,0.3,2.35,No,0,Yes,No,Resolved,No,No Major Delay,None,5
T0689,C1596,30-03-2025 12:34,30-03-2025 14:04,30-03-2025 22:35,Central,Billing Ops,A116,Morning,Critical,Subscription Change,Email,4,1.51,10.02,Yes,6.02,No,No,Resolved,No,Approval Dependency,Approval,4
T0690,C1032,13-01-2025 17:01,13-01-2025 17:45,14-01-2025 14:17,North,L1 Support,A111,Afternoon,High,Technical Bug,Phone,8,0.74,21.28,Yes,13.28,Yes,No,Resolved,No,Delayed Assignment,Assignment,4
T0691,C1425,09-01-2025 10:30,09-01-2025 11:10,09-01-2025 15:12,South,Account Ops,A128,Morning,High,Subscription Change,Phone,8,0.68,4.71,No,0,No,No,Resolved,No,No Major Delay,None,5
T0692,C1266,30-04-2025 17:57,30-04-2025 20:57,01-05-2025 13:41,South,Escalations,A134,Afternoon,High,Payment Failure,Email,8,3,19.74,Yes,11.74,Yes,No,Resolved,No,Technical Dependency,Escalation,3
T0693,C1836,15-01-2025 10:57,15-01-2025 13:12,16-01-2025 00:23,North,Billing Ops,A106,Morning,Medium,Subscription Change,Email,24,2.26,13.44,No,0,No,No,Resolved,No,No Major Delay,None,5
T0694,C1225,11-03-2025 09:15,11-03-2025 11:13,11-03-2025 23:01,Central,Escalations,A133,Morning,High,Technical Bug,Chat,8,1.98,13.77,Yes,5.77,Yes,Yes,Closed,No,Technical Dependency,Escalation,3
T0695,C1827,29-03-2025 12:54,29-03-2025 13:11,30-03-2025 16:57,South,Technical Ops,A121,Morning,Medium,Login/Access,Chat,24,0.29,28.05,Yes,4.05,Yes,No,Closed,No,Delayed Assignment,Assignment,4
T0696,C1163,08-01-2025 17:01,08-01-2025 19:59,09-01-2025 03:22,South,L1 Support,A135,Afternoon,Medium,Login/Access,Phone,24,2.97,10.35,No,0,No,No,Resolved,No,No Major Delay,None,5
T0697,C1528,16-04-2025 12:32,16-04-2025 13:33,17-04-2025 06:27,Central,Escalations,A105,Morning,Critical,Order Delay,Chat,4,1.03,17.93,Yes,13.93,Yes,No,Resolved,No,Agent Capacity Constraint,Resolution,4
T0698,C1246,11-02-2025 13:42,11-02-2025 14:46,11-02-2025 21:24,West,Account Ops,A133,Morning,High,Payment Failure,Phone,8,1.07,7.7,No,0,No,Yes,Resolved,No,No Major Delay,None,4
T0699,C1953,09-01-2025 08:17,09-01-2025 13:18,12-01-2025 13:12,Central,Escalations,A134,Morning,Medium,Order Delay,Phone,24,5.03,76.92,Yes,52.92,Yes,No,Resolved,No,Incomplete Customer Information,Customer Response,1
T0700,C1133,21-02-2025 17:43,21-02-2025 18:23,22-02-2025 03:15,South,Billing Ops,A105,Afternoon,High,Payment Failure,Phone,8,0.68,9.54,Yes,1.54,No,No,Closed,No,Agent Capacity Constraint,Resolution,4
T0701,C1982,07-02-2025 14:10,07-02-2025 16:28,09-02-2025 11:42,Central,L1 Support,A103,Afternoon,Medium,Order Delay,Phone,24,2.3,45.54,Yes,21.54,Yes,No,Resolved,No,Agent Capacity Constraint,Resolution,3
T0702,C1137,15-04-2025 16:32,15-04-2025 16:51,17-04-2025 05:21,North,Account Ops,A133,Afternoon,Low,Order Delay,Phone,48,0.33,36.82,No,0,No,No,Resolved,No,No Major Delay,None,5
T0703,C1728,07-02-2025 11:13,07-02-2025 14:02,09-02-2025 03:37,North,Escalations,A104,Morning,Medium,Order Delay,Chat,24,2.82,40.41,Yes,16.41,Yes,No,Resolved,No,Agent Capacity Constraint,Resolution,4
T0704,C1779,26-01-2025 15:13,26-01-2025 17:13,27-01-2025 14:43,North,Technical Ops,A106,Afternoon,Medium,Technical Bug,Phone,24,2,23.5,No,0,Yes,Yes,Closed,No,Incomplete Customer Information,Customer Response,4
T0705,C1652,02-01-2025 10:13,02-01-2025 13:12,03-01-2025 23:44,East,Account Ops,A134,Morning,Medium,Order Delay,Portal,24,2.99,37.53,Yes,13.53,No,No,Resolved,No,Agent Capacity Constraint,Resolution,4
T0706,C1351,20-03-2025 13:08,20-03-2025 15:15,22-03-2025 11:08,East,Escalations,A114,Morning,Medium,Refund Request,Chat,24,2.12,46,Yes,22,Yes,Yes,Resolved,No,Agent Capacity Constraint,Resolution,2
T0707,C1345,31-01-2025 15:17,31-01-2025 17:51,02-02-2025 22:27,West,Escalations,A133,Afternoon,Low,Technical Bug,Email,48,2.57,55.17,Yes,7.17,Yes,No,Closed,No,High Complexity,Diagnosis,4
T0708,C1466,17-01-2025 14:49,17-01-2025 17:38,18-01-2025 08:28,West,Billing Ops,A107,Afternoon,High,Subscription Change,Phone,8,2.83,17.66,Yes,9.66,Yes,No,Resolved,No,Incomplete Customer Information,Customer Response,3
T0709,C1215,15-04-2025 14:32,15-04-2025 15:27,15-04-2025 17:35,South,Billing Ops,A122,Afternoon,Critical,Subscription Change,Email,4,0.92,3.05,No,0,No,No,Resolved,No,No Major Delay,None,5
T0710,C1741,27-02-2025 11:21,27-02-2025 13:16,28-02-2025 21:57,East,L1 Support,A101,Morning,Low,Order Delay,Chat,48,1.92,34.6,No,0,Yes,Yes,Resolved,No,No Major Delay,None,4
T0711,C1412,14-03-2025 17:45,14-03-2025 18:45,14-03-2025 23:17,East,L1 Support,A133,Afternoon,High,Login/Access,Phone,8,1.01,5.54,No,0,No,No,Closed,No,No Major Delay,None,5
T0712,C1652,26-03-2025 12:53,26-03-2025 17:22,28-03-2025 13:15,Central,Escalations,A125,Morning,Low,Order Delay,Portal,48,4.49,48.37,Yes,0.37,Yes,No,Resolved,No,Agent Capacity Constraint,Resolution,1
T0713,C1417,24-04-2025 11:06,24-04-2025 16:45,25-04-2025 08:19,East,Escalations,A113,Morning,Low,Refund Request,Phone,48,5.65,21.22,No,0,Yes,No,Closed,No,No Major Delay,None,4
T0714,C1370,04-01-2025 15:11,04-01-2025 16:15,05-01-2025 10:28,Central,Technical Ops,A127,Afternoon,Medium,Login/Access,Phone,24,1.07,19.29,No,0,No,No,Resolved,No,No Major Delay,None,5
T0715,C1367,25-04-2025 13:26,25-04-2025 13:57,26-04-2025 14:01,Central,Account Ops,A119,Morning,Medium,Subscription Change,Email,24,0.53,24.59,Yes,0.59,Yes,No,Resolved,No,High Complexity,Diagnosis,3
T0716,C1344,29-04-2025 11:00,29-04-2025 13:27,29-04-2025 17:09,East,Billing Ops,A127,Morning,Medium,Payment Failure,Email,24,2.46,6.15,No,0,No,No,Resolved,No,No Major Delay,None,5
T0717,C1906,09-04-2025 12:54,09-04-2025 16:04,11-04-2025 05:12,East,Escalations,A116,Morning,Low,Order Delay,Chat,48,3.17,40.3,No,0,Yes,No,Resolved,No,No Major Delay,None,5
T0718,C1329,15-04-2025 17:21,15-04-2025 19:51,16-04-2025 21:30,North,Billing Ops,A106,Afternoon,Medium,Subscription Change,Chat,24,2.51,28.16,Yes,4.16,Yes,No,Closed,No,Delayed Assignment,Assignment,3
T0719,C1906,22-03-2025 10:03,22-03-2025 10:34,22-03-2025 16:30,South,Account Ops,A129,Morning,Critical,Account Update,Chat,4,0.53,6.45,Yes,2.45,No,No,Closed,No,Delayed Assignment,Assignment,3
T0720,C1959,12-01-2025 15:46,12-01-2025 17:17,13-01-2025 01:28,West,Technical Ops,A102,Afternoon,High,Account Update,Chat,8,1.53,9.71,Yes,1.71,No,No,Resolved,No,High Complexity,Diagnosis,4
T0721,C1167,10-02-2025 13:45,10-02-2025 14:31,12-02-2025 05:23,North,Technical Ops,A109,Morning,Medium,Technical Bug,Portal,24,0.77,39.64,Yes,15.64,Yes,No,Resolved,No,Incorrect Routing,Routing,4
T0722,C1884,14-02-2025 14:07,14-02-2025 15:03,14-02-2025 18:07,West,Technical Ops,A132,Afternoon,Critical,Login/Access,Email,4,0.94,4.01,Yes,0.01,Yes,No,Resolved,No,High Complexity,Diagnosis,3
T0723,C1165,17-04-2025 09:25,17-04-2025 09:55,17-04-2025 20:03,North,Technical Ops,A114,Morning,Medium,Technical Bug,Phone,24,0.5,10.64,No,0,No,No,Resolved,No,No Major Delay,None,5
T0724,C1346,11-03-2025 13:47,11-03-2025 16:11,14-03-2025 16:38,Central,L1 Support,A127,Morning,Medium,Order Delay,Phone,24,2.4,74.86,Yes,50.86,Yes,Yes,Resolved,No,Technical Dependency,Escalation,1
T0725,C1086,29-04-2025 09:29,29-04-2025 12:04,30-04-2025 06:34,North,Escalations,A128,Morning,High,Order Delay,Phone,8,2.59,21.09,Yes,13.09,Yes,No,Resolved,No,Delayed Assignment,Assignment,3
T0726,C1584,26-03-2025 13:00,26-03-2025 14:42,27-03-2025 16:21,South,Billing Ops,A126,Morning,Medium,Payment Failure,Chat,24,1.71,27.36,Yes,3.36,No,No,Resolved,No,Technical Dependency,Escalation,4
T0727,C1612,21-03-2025 17:34,21-03-2025 19:17,,West,L1 Support,A118,Afternoon,High,Technical Bug,Chat,8,1.73,,,,Yes,No,Pending,Yes,High Complexity,Diagnosis,
T0728,C1945,09-01-2025 09:18,09-01-2025 11:15,09-01-2025 21:58,East,Billing Ops,A133,Morning,Medium,Refund Request,Chat,24,1.95,12.68,No,0,No,Yes,Resolved,No,No Major Delay,None,4
T0729,C1638,20-03-2025 15:17,20-03-2025 15:42,21-03-2025 01:00,West,Account Ops,A112,Afternoon,High,Subscription Change,Phone,8,0.42,9.72,Yes,1.72,No,No,Resolved,No,Technical Dependency,Escalation,3
T0730,C1053,26-01-2025 15:47,26-01-2025 17:47,27-01-2025 01:15,West,Billing Ops,A121,Afternoon,Medium,Account Update,Chat,24,2,9.47,No,0,No,No,Resolved,No,No Major Delay,None,5
T0731,C1607,04-01-2025 09:10,04-01-2025 10:53,05-01-2025 02:16,East,Billing Ops,A130,Morning,Medium,Subscription Change,Chat,24,1.72,17.11,No,0,No,No,Resolved,No,No Major Delay,None,5
T0732,C1954,17-04-2025 11:55,17-04-2025 13:38,19-04-2025 20:19,Central,Account Ops,A118,Morning,Medium,Payment Failure,Email,24,1.73,56.4,Yes,32.4,Yes,No,Resolved,No,Approval Dependency,Approval,3
T0733,C1026,29-01-2025 13:33,29-01-2025 15:40,29-01-2025 19:25,East,Billing Ops,A115,Morning,Medium,Subscription Change,Phone,24,2.12,5.88,No,0,No,No,Resolved,No,No Major Delay,None,5
T0734,C1935,09-04-2025 12:52,09-04-2025 13:08,10-04-2025 09:17,East,Technical Ops,A121,Morning,Low,Technical Bug,Portal,48,0.28,20.43,No,0,No,No,Closed,No,Technical Dependency,Escalation,5
T0735,C1219,12-01-2025 13:13,12-01-2025 13:40,12-01-2025 23:34,North,L1 Support,A118,Morning,Medium,Technical Bug,Email,24,0.45,10.36,No,0,No,No,Resolved,No,No Major Delay,None,5
T0736,C1619,21-03-2025 12:54,21-03-2025 18:48,24-03-2025 12:57,Central,Escalations,A103,Morning,Low,Technical Bug,Email,48,5.91,72.06,Yes,24.06,Yes,No,Resolved,No,Incorrect Routing,Routing,1
T0737,C1791,09-04-2025 13:25,09-04-2025 13:59,09-04-2025 21:41,West,Account Ops,A134,Morning,Medium,Payment Failure,Email,24,0.58,8.27,No,0,No,No,Resolved,No,Agent Capacity Constraint,Resolution,5
T0738,C1131,13-02-2025 16:21,13-02-2025 19:03,14-02-2025 20:33,West,Billing Ops,A109,Afternoon,Medium,Account Update,Phone,24,2.7,28.21,Yes,4.21,Yes,No,Resolved,No,Approval Dependency,Approval,2
T0739,C1070,19-04-2025 08:56,19-04-2025 10:41,20-04-2025 14:21,North,Escalations,A102,Morning,High,Technical Bug,Portal,8,1.75,29.42,Yes,21.42,Yes,No,Closed,No,Incorrect Routing,Routing,3
T0740,C1920,06-02-2025 12:18,06-02-2025 13:58,06-02-2025 23:40,West,Account Ops,A112,Morning,High,Refund Request,Email,8,1.67,11.37,Yes,3.37,No,No,Resolved,No,Approval Dependency,Approval,4
T0741,C1064,01-04-2025 10:58,01-04-2025 11:45,02-04-2025 12:27,East,Technical Ops,A133,Morning,Medium,Technical Bug,Chat,24,0.79,25.49,Yes,1.49,Yes,No,Resolved,No,High Complexity,Diagnosis,3
T0742,C1185,08-03-2025 11:26,08-03-2025 12:05,09-03-2025 03:27,North,Technical Ops,A101,Morning,High,Technical Bug,Chat,8,0.65,16.03,Yes,8.03,No,No,Resolved,No,Delayed Assignment,Assignment,4
T0743,C1562,20-01-2025 17:02,20-01-2025 19:27,22-01-2025 04:36,East,L1 Support,A131,Afternoon,Low,Technical Bug,Email,48,2.42,35.57,No,0,No,No,Resolved,No,No Major Delay,None,5
T0744,C1750,02-04-2025 11:59,02-04-2025 15:21,,North,Escalations,A113,Morning,Low,Order Delay,Chat,48,3.38,,,,Yes,No,Pending,Yes,Agent Capacity Constraint,Resolution,
T0745,C1754,11-02-2025 13:44,11-02-2025 16:08,13-02-2025 02:14,Central,Account Ops,A116,Morning,Medium,Refund Request,Email,24,2.41,36.51,Yes,12.51,No,No,Resolved,No,Delayed Assignment,Assignment,3
T0746,C1056,15-03-2025 15:39,15-03-2025 16:10,16-03-2025 16:22,South,L1 Support,A117,Afternoon,Medium,Technical Bug,Chat,24,0.53,24.72,Yes,0.72,No,Yes,Resolved,No,Technical Dependency,Escalation,3
T0747,C1743,25-04-2025 13:08,25-04-2025 14:53,26-04-2025 10:33,Central,L1 Support,A114,Morning,High,Data Correction,Phone,8,1.76,21.43,Yes,13.43,No,Yes,Resolved,No,High Complexity,Diagnosis,3
T0748,C1062,06-03-2025 17:28,06-03-2025 18:27,08-03-2025 07:01,South,Technical Ops,A130,Afternoon,Low,Technical Bug,Email,48,0.99,37.56,No,0,No,No,Resolved,No,No Major Delay,None,5
T0749,C1950,15-04-2025 17:54,15-04-2025 19:16,16-04-2025 14:01,North,Billing Ops,A125,Afternoon,Low,Subscription Change,Email,48,1.37,20.12,No,0,No,No,Resolved,No,No Major Delay,None,5
T0750,C1607,26-01-2025 15:17,26-01-2025 18:06,27-01-2025 07:11,South,L1 Support,A102,Afternoon,Low,Login/Access,Chat,48,2.82,15.9,No,0,Yes,No,Resolved,No,No Major Delay,None,5
T0751,C1032,16-01-2025 15:26,16-01-2025 17:29,17-01-2025 20:17,North,L1 Support,A108,Afternoon,Medium,Technical Bug,Email,24,2.05,28.85,Yes,4.85,No,Yes,Resolved,No,Delayed Assignment,Assignment,3
T0752,C1180,15-03-2025 11:27,15-03-2025 12:13,15-03-2025 22:08,Central,Account Ops,A114,Morning,Medium,Order Delay,Chat,24,0.78,10.69,No,0,No,No,Closed,No,Incorrect Routing,Routing,5
T0753,C1753,11-02-2025 10:09,11-02-2025 11:56,11-02-2025 20:43,Central,Escalations,A101,Morning,High,Refund Request,Chat,8,1.79,10.57,Yes,2.57,Yes,No,Closed,No,Agent Capacity Constraint,Resolution,4
T0754,C1076,10-04-2025 09:14,10-04-2025 09:45,11-04-2025 13:04,South,L1 Support,A132,Morning,Medium,Order Delay,Chat,24,0.53,27.84,Yes,3.84,Yes,No,Resolved,No,Approval Dependency,Approval,4
T0755,C1233,03-03-2025 11:35,03-03-2025 12:02,04-03-2025 14:20,North,L1 Support,A124,Morning,Low,Order Delay,Email,48,0.46,26.76,No,0,No,No,Resolved,No,No Major Delay,None,5
T0756,C1433,29-03-2025 08:14,29-03-2025 10:51,29-03-2025 21:35,Central,L1 Support,A111,Morning,High,Order Delay,Chat,8,2.63,13.35,Yes,5.35,No,No,Resolved,No,Technical Dependency,Escalation,3
T0757,C1825,01-02-2025 12:30,01-02-2025 13:13,05-02-2025 02:31,North,Billing Ops,A128,Morning,Low,Refund Request,Phone,48,0.73,86.03,Yes,38.03,Yes,Yes,Resolved,No,High Complexity,Diagnosis,3
T0758,C1043,24-02-2025 16:02,24-02-2025 20:44,28-02-2025 13:21,Central,Escalations,A106,Afternoon,Low,Order Delay,Email,48,4.71,93.33,Yes,45.33,Yes,No,Resolved,No,High Complexity,Diagnosis,3
T0759,C1363,09-03-2025 12:31,09-03-2025 15:48,10-03-2025 08:04,North,Escalations,A119,Morning,Medium,Login/Access,Phone,24,3.29,19.55,No,0,Yes,No,Resolved,No,No Major Delay,None,5
T0760,C1716,27-03-2025 11:38,27-03-2025 16:28,28-03-2025 13:36,Central,Escalations,A122,Morning,Medium,Order Delay,Email,24,4.84,25.98,Yes,1.98,Yes,Yes,Closed,No,Incomplete Customer Information,Customer Response,1
T0761,C1241,04-01-2025 09:50,04-01-2025 11:38,05-01-2025 07:19,North,Technical Ops,A122,Morning,Low,Login/Access,Portal,48,1.81,21.49,No,0,No,Yes,Resolved,No,No Major Delay,None,4
T0762,C1404,01-04-2025 09:20,01-04-2025 09:39,02-04-2025 01:39,North,Account Ops,A121,Morning,Medium,Subscription Change,Chat,24,0.32,16.33,No,0,No,No,Closed,No,No Major Delay,None,5
T0763,C1584,15-04-2025 14:24,15-04-2025 17:16,16-04-2025 08:15,West,Technical Ops,A129,Afternoon,Low,Technical Bug,Chat,48,2.87,17.85,No,0,Yes,No,Resolved,No,No Major Delay,None,5
T0764,C1868,18-03-2025 12:37,18-03-2025 13:08,18-03-2025 17:49,South,Account Ops,A133,Morning,High,Payment Failure,Chat,8,0.52,5.21,No,0,Yes,No,Closed,No,No Major Delay,None,5
T0765,C1966,14-01-2025 09:26,14-01-2025 10:14,15-01-2025 14:40,North,L1 Support,A135,Morning,Low,Data Correction,Email,48,0.8,29.24,No,0,No,No,Closed,No,No Major Delay,None,5
T0766,C1834,10-04-2025 17:28,10-04-2025 20:51,14-04-2025 21:14,East,Technical Ops,A133,Afternoon,Low,Login/Access,Chat,48,3.39,99.77,Yes,51.77,No,No,Resolved,No,Agent Capacity Constraint,Resolution,3
T0767,C1831,27-02-2025 13:33,27-02-2025 17:02,28-02-2025 15:49,Central,Technical Ops,A111,Morning,Low,Login/Access,Portal,48,3.49,26.28,No,0,No,No,Resolved,No,Delayed Assignment,Assignment,5
T0768,C1614,18-02-2025 17:05,18-02-2025 17:56,19-02-2025 04:12,West,L1 Support,A112,Afternoon,Critical,Technical Bug,Phone,4,0.86,11.12,Yes,7.12,No,No,Closed,No,High Complexity,Diagnosis,4
T0769,C1290,07-01-2025 12:02,07-01-2025 12:52,09-01-2025 01:41,Central,L1 Support,A131,Morning,Medium,Technical Bug,Email,24,0.84,37.65,Yes,13.65,Yes,No,Resolved,No,Technical Dependency,Escalation,3
T0770,C1958,20-04-2025 14:11,20-04-2025 14:30,21-04-2025 08:17,Central,L1 Support,A130,Afternoon,Medium,Order Delay,Phone,24,0.33,18.1,No,0,No,No,Resolved,No,No Major Delay,None,5
T0771,C1227,19-01-2025 10:59,19-01-2025 13:18,20-01-2025 08:32,West,Technical Ops,A122,Morning,Medium,Login/Access,Phone,24,2.33,21.56,No,0,Yes,No,Closed,No,No Major Delay,None,5
T0772,C1773,20-02-2025 15:09,20-02-2025 18:51,21-02-2025 15:57,Central,Escalations,A109,Afternoon,High,Account Update,Email,8,3.7,24.81,Yes,16.81,Yes,No,Resolved,No,High Complexity,Diagnosis,3
T0773,C1368,22-02-2025 08:21,22-02-2025 09:28,24-02-2025 01:28,South,Technical Ops,A114,Morning,Low,Data Correction,Portal,48,1.12,41.12,No,0,No,No,Closed,No,No Major Delay,None,5
T0774,C1765,22-04-2025 11:44,22-04-2025 12:05,23-04-2025 10:44,East,Billing Ops,A121,Morning,Low,Refund Request,Phone,48,0.35,23,No,0,Yes,No,Closed,No,No Major Delay,None,5
T0775,C1941,27-04-2025 08:55,27-04-2025 10:34,27-04-2025 20:10,East,L1 Support,A135,Morning,Critical,Technical Bug,Phone,4,1.65,11.25,Yes,7.25,No,Yes,Resolved,No,Agent Capacity Constraint,Resolution,3
T0776,C1267,16-03-2025 14:44,16-03-2025 16:09,17-03-2025 10:09,East,Account Ops,A116,Afternoon,Medium,Account Update,Phone,24,1.43,19.43,No,0,No,No,Resolved,No,Incomplete Customer Information,Customer Response,5
T0777,C1770,10-04-2025 15:23,10-04-2025 21:44,11-04-2025 09:06,North,Escalations,A104,Afternoon,Low,Order Delay,Email,48,6.35,17.72,No,0,Yes,No,Resolved,No,No Major Delay,None,4
T0778,C1698,18-03-2025 08:24,18-03-2025 08:49,,South,L1 Support,A117,Morning,Low,Order Delay,Phone,48,0.42,,,,No,No,Pending,Yes,Agent Capacity Constraint,Resolution,
T0779,C1800,02-01-2025 12:20,02-01-2025 13:51,04-01-2025 05:33,Central,L1 Support,A128,Morning,Low,Order Delay,Chat,48,1.52,41.23,No,0,No,No,Resolved,No,No Major Delay,None,5
T0780,C1691,11-04-2025 10:54,11-04-2025 13:15,13-04-2025 02:08,West,Technical Ops,A126,Morning,Medium,Technical Bug,Email,24,2.36,39.24,Yes,15.24,No,No,Resolved,No,Approval Dependency,Approval,4
T0781,C1834,02-03-2025 12:25,02-03-2025 13:29,03-03-2025 11:13,North,L1 Support,A131,Morning,Medium,Order Delay,Email,24,1.08,22.8,No,0,No,No,Closed,No,No Major Delay,None,5
T0782,C1279,02-03-2025 17:33,02-03-2025 19:28,05-03-2025 07:44,Central,L1 Support,A135,Afternoon,Low,Technical Bug,Chat,48,1.93,62.19,Yes,14.19,No,No,Closed,No,Incorrect Routing,Routing,4
T0783,C1545,07-01-2025 11:33,07-01-2025 13:48,08-01-2025 07:01,West,Billing Ops,A108,Morning,Medium,Subscription Change,Chat,24,2.26,19.47,No,0,No,No,Closed,No,No Major Delay,None,5
T0784,C1890,13-03-2025 11:32,13-03-2025 12:07,14-03-2025 08:38,South,Technical Ops,A109,Morning,Critical,Technical Bug,Phone,4,0.59,21.11,Yes,17.11,Yes,No,Resolved,No,Agent Capacity Constraint,Resolution,3
T0785,C1031,05-04-2025 15:43,05-04-2025 17:58,06-04-2025 05:39,North,Billing Ops,A135,Afternoon,High,Subscription Change,Email,8,2.25,13.94,Yes,5.94,Yes,No,Resolved,No,Incomplete Customer Information,Customer Response,3
T0786,C1515,25-03-2025 16:03,25-03-2025 16:26,26-03-2025 23:14,Central,Account Ops,A123,Afternoon,High,Order Delay,Phone,8,0.39,31.19,Yes,23.19,Yes,No,Resolved,No,Incorrect Routing,Routing,3
T0787,C1978,02-04-2025 14:28,02-04-2025 15:43,04-04-2025 02:39,South,Billing Ops,A107,Afternoon,Low,Refund Request,Email,48,1.25,36.19,No,0,No,No,Closed,No,No Major Delay,None,5
T0788,C1150,21-03-2025 11:28,21-03-2025 13:44,22-03-2025 10:05,North,Escalations,A105,Morning,Medium,Refund Request,Chat,24,2.28,22.62,No,0,Yes,No,Resolved,No,No Major Delay,None,5
T0789,C1460,09-03-2025 16:49,09-03-2025 19:29,11-03-2025 18:49,Central,Account Ops,A128,Afternoon,Medium,Subscription Change,Chat,24,2.68,50,Yes,26,Yes,No,Resolved,No,Delayed Assignment,Assignment,4
T0790,C1511,23-01-2025 12:08,23-01-2025 14:39,25-01-2025 13:12,South,Billing Ops,A125,Morning,Medium,Refund Request,Email,24,2.53,49.07,Yes,25.07,No,Yes,Resolved,No,Incorrect Routing,Routing,2
T0791,C1388,02-04-2025 17:35,02-04-2025 18:01,03-04-2025 02:14,South,Billing Ops,A133,Afternoon,Critical,Subscription Change,Portal,4,0.44,8.66,Yes,4.66,No,Yes,Resolved,No,Incomplete Customer Information,Customer Response,3
T0792,C1087,16-01-2025 08:35,16-01-2025 10:51,16-01-2025 20:05,Central,Escalations,A131,Morning,High,Subscription Change,Chat,8,2.27,11.51,Yes,3.51,Yes,No,Resolved,No,Technical Dependency,Escalation,4
T0793,C1076,22-02-2025 17:20,22-02-2025 20:18,25-02-2025 04:41,West,Escalations,A113,Afternoon,Medium,Order Delay,Email,24,2.98,59.35,Yes,35.35,Yes,No,Resolved,No,Incorrect Routing,Routing,2
T0794,C1102,26-04-2025 14:58,26-04-2025 17:35,27-04-2025 03:14,North,Billing Ops,A106,Afternoon,High,Subscription Change,Phone,8,2.63,12.27,Yes,4.27,No,No,Resolved,No,Delayed Assignment,Assignment,4
T0795,C1532,13-03-2025 11:27,13-03-2025 13:49,15-03-2025 06:25,Central,Escalations,A101,Morning,Medium,Order Delay,Email,24,2.37,42.98,Yes,18.98,Yes,No,Resolved,No,Delayed Assignment,Assignment,3
T0796,C1441,17-02-2025 17:27,17-02-2025 19:17,18-02-2025 05:45,West,L1 Support,A105,Afternoon,Low,Technical Bug,Phone,48,1.84,12.3,No,0,No,No,Resolved,No,Delayed Assignment,Assignment,5
T0797,C1297,08-02-2025 09:35,08-02-2025 15:34,12-02-2025 04:43,East,Escalations,A112,Morning,Low,Order Delay,Phone,48,5.99,91.14,Yes,43.14,Yes,No,Resolved,No,Incorrect Routing,Routing,2
T0798,C1601,13-04-2025 16:09,13-04-2025 18:03,14-04-2025 15:45,South,L1 Support,A107,Afternoon,Medium,Data Correction,Phone,24,1.9,23.61,No,0,Yes,No,Resolved,No,No Major Delay,None,5
T0799,C1050,17-02-2025 15:53,17-02-2025 16:35,17-02-2025 21:26,East,Technical Ops,A123,Afternoon,Critical,Login/Access,Chat,4,0.71,5.55,Yes,1.55,Yes,No,Closed,No,Agent Capacity Constraint,Resolution,4
T0800,C1268,18-01-2025 12:54,18-01-2025 15:48,19-01-2025 12:33,East,Escalations,A111,Morning,Critical,Account Update,Phone,4,2.91,23.66,Yes,19.66,Yes,No,Resolved,No,Incomplete Customer Information,Customer Response,3
T0801,C1437,09-01-2025 08:50,09-01-2025 12:30,10-01-2025 13:43,South,Escalations,A124,Morning,Medium,Refund Request,Portal,24,3.67,28.89,Yes,4.89,Yes,No,Resolved,No,High Complexity,Diagnosis,4
T0802,C1575,05-01-2025 15:04,05-01-2025 16:16,06-01-2025 00:07,East,Billing Ops,A109,Afternoon,Critical,Subscription Change,Email,4,1.21,9.06,Yes,5.06,No,No,Closed,No,Approval Dependency,Approval,3
T0803,C1318,15-03-2025 11:55,15-03-2025 13:04,18-03-2025 02:22,South,Technical Ops,A127,Morning,Medium,Data Correction,Chat,24,1.16,62.46,Yes,38.46,Yes,No,Resolved,No,High Complexity,Diagnosis,3
T0804,C1061,24-01-2025 09:29,24-01-2025 10:29,27-01-2025 17:20,North,Technical Ops,A126,Morning,Low,Login/Access,Email,48,1,79.86,Yes,31.86,No,No,Resolved,No,Agent Capacity Constraint,Resolution,4
T0805,C1141,02-02-2025 12:59,02-02-2025 13:44,04-02-2025 01:45,Central,Billing Ops,A115,Morning,Medium,Refund Request,Phone,24,0.75,36.78,Yes,12.78,No,No,Resolved,No,Approval Dependency,Approval,4
T0806,C1923,21-03-2025 13:22,21-03-2025 16:15,21-03-2025 20:59,North,Account Ops,A126,Morning,Medium,Refund Request,Phone,24,2.89,7.63,No,0,No,Yes,Closed,No,Agent Capacity Constraint,Resolution,4
T0807,C1455,13-01-2025 09:06,13-01-2025 11:07,14-01-2025 03:15,West,L1 Support,A107,Morning,Low,Login/Access,Chat,48,2.03,18.15,No,0,No,No,Resolved,No,No Major Delay,None,5
T0808,C1880,28-04-2025 12:44,28-04-2025 14:50,01-05-2025 20:02,South,Technical Ops,A115,Morning,Medium,Login/Access,Email,24,2.11,79.3,Yes,55.3,No,No,Resolved,No,Agent Capacity Constraint,Resolution,4
T0809,C1050,14-02-2025 17:16,14-02-2025 19:57,16-02-2025 14:56,North,Account Ops,A112,Afternoon,Medium,Order Delay,Email,24,2.69,45.67,Yes,21.67,Yes,No,Resolved,No,Delayed Assignment,Assignment,3
T0810,C1518,20-02-2025 12:43,20-02-2025 18:55,21-02-2025 10:47,Central,Escalations,A105,Morning,Low,Order Delay,Chat,48,6.2,22.08,No,0,Yes,No,Resolved,No,No Major Delay,None,4
T0811,C1986,13-02-2025 17:39,13-02-2025 21:45,15-02-2025 06:10,East,Escalations,A115,Afternoon,Medium,Subscription Change,Email,24,4.11,36.53,Yes,12.53,Yes,No,Resolved,No,Agent Capacity Constraint,Resolution,3
T0812,C1986,19-02-2025 15:30,19-02-2025 20:10,22-02-2025 07:55,North,Escalations,A104,Afternoon,Medium,Subscription Change,Chat,24,4.67,64.43,Yes,40.43,Yes,No,Resolved,No,Delayed Assignment,Assignment,2
T0813,C1586,02-01-2025 11:10,02-01-2025 15:07,04-01-2025 15:50,North,Escalations,A111,Morning,Low,Order Delay,Email,48,3.96,52.68,Yes,4.68,Yes,No,Resolved,No,Delayed Assignment,Assignment,4
T0814,C1155,24-03-2025 14:53,24-03-2025 16:05,24-03-2025 18:11,South,Billing Ops,A103,Afternoon,Medium,Payment Failure,Email,24,1.2,3.3,No,0,No,No,Resolved,No,No Major Delay,None,5
T0815,C1404,28-03-2025 13:59,28-03-2025 15:24,31-03-2025 17:39,West,L1 Support,A101,Morning,Low,Login/Access,Phone,48,1.42,75.67,Yes,27.67,Yes,No,Resolved,No,Delayed Assignment,Assignment,3
T0816,C1769,15-02-2025 16:11,15-02-2025 17:09,15-02-2025 23:41,South,Account Ops,A110,Afternoon,Critical,Subscription Change,Phone,4,0.97,7.51,Yes,3.51,Yes,No,Resolved,No,Delayed Assignment,Assignment,4
T0817,C1548,27-04-2025 16:50,27-04-2025 18:38,28-04-2025 06:03,West,Account Ops,A111,Afternoon,Medium,Payment Failure,Chat,24,1.8,13.23,No,0,Yes,No,Resolved,No,High Complexity,Diagnosis,5
T0818,C1623,30-03-2025 09:24,30-03-2025 09:43,,North,L1 Support,A131,Morning,Medium,Technical Bug,Chat,24,0.32,,,,No,No,Pending,Yes,Agent Capacity Constraint,Resolution,
T0819,C1159,26-03-2025 09:32,26-03-2025 12:18,28-03-2025 15:08,Central,Technical Ops,A120,Morning,Low,Technical Bug,Phone,48,2.78,53.6,Yes,5.6,Yes,Yes,Resolved,No,Approval Dependency,Approval,3
T0820,C1051,09-01-2025 14:23,09-01-2025 15:48,09-01-2025 18:38,East,L1 Support,A134,Afternoon,Critical,Login/Access,Phone,4,1.42,4.26,Yes,0.26,No,No,Resolved,No,Delayed Assignment,Assignment,3
T0821,C1609,14-01-2025 11:23,14-01-2025 13:45,15-01-2025 04:18,South,Escalations,A109,Morning,High,Order Delay,Email,8,2.37,16.93,Yes,8.93,Yes,No,Resolved,No,Incomplete Customer Information,Customer Response,3
T0822,C1967,09-04-2025 09:43,09-04-2025 10:22,10-04-2025 01:44,West,L1 Support,A135,Morning,High,Order Delay,Phone,8,0.65,16.03,Yes,8.03,No,No,Resolved,No,Agent Capacity Constraint,Resolution,3
T0823,C1377,09-01-2025 17:24,09-01-2025 18:01,10-01-2025 05:19,Central,L1 Support,A135,Afternoon,High,Order Delay,Email,8,0.62,11.93,Yes,3.93,No,Yes,Resolved,No,Delayed Assignment,Assignment,3
T0824,C1988,20-02-2025 10:05,20-02-2025 13:08,21-02-2025 05:37,West,L1 Support,A125,Morning,Low,Account Update,Phone,48,3.06,19.54,No,0,No,No,Resolved,No,No Major Delay,None,5
T0825,C1804,24-03-2025 17:24,24-03-2025 18:07,25-03-2025 13:37,East,Account Ops,A123,Afternoon,Medium,Subscription Change,Chat,24,0.73,20.22,No,0,No,No,Resolved,No,No Major Delay,None,5
T0826,C1929,07-03-2025 16:40,07-03-2025 16:58,09-03-2025 10:51,East,Billing Ops,A110,Afternoon,Medium,Payment Failure,Portal,24,0.31,42.19,Yes,18.19,Yes,No,Resolved,No,Technical Dependency,Escalation,3
T0827,C1207,24-04-2025 10:46,24-04-2025 14:28,28-04-2025 02:12,Central,Technical Ops,A122,Morning,Low,Login/Access,Phone,48,3.71,87.44,Yes,39.44,Yes,Yes,Resolved,No,Technical Dependency,Escalation,3
T0828,C1411,04-01-2025 13:46,04-01-2025 17:02,05-01-2025 23:22,South,L1 Support,A134,Morning,Low,Login/Access,Email,48,3.27,33.6,No,0,No,No,Closed,No,No Major Delay,None,5
T0829,C1181,25-02-2025 13:36,25-02-2025 17:29,26-02-2025 17:04,East,Escalations,A124,Morning,Medium,Subscription Change,Chat,24,3.89,27.47,Yes,3.47,Yes,No,Resolved,No,Delayed Assignment,Assignment,3
T0830,C1873,15-04-2025 13:11,15-04-2025 15:03,15-04-2025 18:28,Central,Technical Ops,A120,Morning,High,Account Update,Chat,8,1.87,5.29,No,0,No,No,Resolved,No,No Major Delay,None,5
T0831,C1057,16-01-2025 12:03,16-01-2025 17:53,19-01-2025 08:36,East,Escalations,A118,Morning,Low,Login/Access,Email,48,5.84,68.55,Yes,20.55,Yes,No,Resolved,No,Agent Capacity Constraint,Resolution,3
T0832,C1214,29-03-2025 09:31,29-03-2025 12:01,31-03-2025 11:55,West,L1 Support,A102,Morning,Medium,Account Update,Email,24,2.5,50.41,Yes,26.41,No,Yes,Resolved,No,Incorrect Routing,Routing,3
T0833,C1840,29-03-2025 15:03,29-03-2025 15:47,30-03-2025 15:43,East,Account Ops,A117,Afternoon,Medium,Subscription Change,Chat,24,0.74,24.68,Yes,0.68,No,No,Closed,No,Technical Dependency,Escalation,4
T0834,C1958,01-03-2025 08:07,01-03-2025 08:29,01-03-2025 19:45,West,Account Ops,A127,Morning,High,Subscription Change,Phone,8,0.37,11.64,Yes,3.64,Yes,No,Resolved,No,Technical Dependency,Escalation,3
T0835,C1781,09-01-2025 12:11,09-01-2025 16:38,10-01-2025 02:42,North,Escalations,A112,Morning,Medium,Data Correction,Email,24,4.45,14.53,No,0,Yes,No,Closed,No,Approval Dependency,Approval,4
T0836,C1352,14-02-2025 13:45,14-02-2025 16:07,15-02-2025 04:54,North,L1 Support,A113,Morning,Medium,Order Delay,Phone,24,2.37,15.16,No,0,No,No,Closed,No,No Major Delay,None,5
T0837,C1230,20-01-2025 15:14,20-01-2025 15:57,21-01-2025 06:24,Central,Billing Ops,A116,Afternoon,High,Account Update,Phone,8,0.73,15.18,Yes,7.18,No,No,Closed,No,Approval Dependency,Approval,4
T0838,C1102,07-01-2025 16:29,07-01-2025 18:55,08-01-2025 17:03,North,Escalations,A126,Afternoon,High,Account Update,Phone,8,2.44,24.57,Yes,16.57,Yes,No,Resolved,No,Delayed Assignment,Assignment,4
T0839,C1987,20-04-2025 15:42,20-04-2025 20:00,,Central,Escalations,A112,Afternoon,Medium,Order Delay,Email,24,4.31,,,,Yes,No,Pending,Yes,Agent Capacity Constraint,Resolution,
T0840,C1362,07-02-2025 12:09,07-02-2025 15:07,08-02-2025 03:25,South,Technical Ops,A107,Morning,High,Data Correction,Email,8,2.97,15.27,Yes,7.27,No,No,Resolved,No,Approval Dependency,Approval,4
T0841,C1241,01-02-2025 15:55,01-02-2025 16:18,02-02-2025 05:26,Central,Technical Ops,A104,Afternoon,Medium,Account Update,Portal,24,0.39,13.53,No,0,No,No,Resolved,No,No Major Delay,None,5
T0842,C1809,24-04-2025 09:14,24-04-2025 09:41,25-04-2025 00:51,South,L1 Support,A121,Morning,Critical,Data Correction,Chat,4,0.45,15.63,Yes,11.63,No,No,Resolved,No,Agent Capacity Constraint,Resolution,4
T0843,C1216,03-04-2025 12:04,03-04-2025 14:25,04-04-2025 06:38,East,L1 Support,A124,Morning,Medium,Account Update,Phone,24,2.35,18.58,No,0,No,No,Resolved,No,No Major Delay,None,5
T0844,C1635,22-01-2025 14:10,22-01-2025 14:34,23-01-2025 15:07,West,L1 Support,A109,Afternoon,Medium,Technical Bug,Phone,24,0.4,24.96,Yes,0.96,Yes,Yes,Closed,No,Agent Capacity Constraint,Resolution,2
T0845,C1430,04-03-2025 15:14,04-03-2025 17:07,05-03-2025 15:41,West,Technical Ops,A105,Afternoon,Medium,Technical Bug,Phone,24,1.89,24.46,Yes,0.46,Yes,No,Resolved,No,Incomplete Customer Information,Customer Response,2
T0846,C1024,18-02-2025 13:19,18-02-2025 16:11,19-02-2025 14:02,South,L1 Support,A106,Morning,Medium,Order Delay,Portal,24,2.87,24.72,Yes,0.72,Yes,Yes,Resolved,No,Delayed Assignment,Assignment,3
T0847,C1460,02-04-2025 08:00,02-04-2025 11:38,03-04-2025 10:59,West,L1 Support,A119,Morning,Low,Technical Bug,Email,48,3.64,26.99,No,0,No,No,Resolved,No,No Major Delay,None,5
T0848,C1112,12-02-2025 08:01,12-02-2025 09:30,15-02-2025 22:58,North,Billing Ops,A103,Morning,Low,Subscription Change,Phone,48,1.49,86.96,Yes,38.96,No,No,Resolved,No,Incomplete Customer Information,Customer Response,4
T0849,C1321,17-03-2025 15:46,17-03-2025 17:18,18-03-2025 05:32,East,Technical Ops,A104,Afternoon,Low,Technical Bug,Email,48,1.54,13.78,No,0,No,No,Resolved,No,No Major Delay,None,5
T0850,C1074,22-02-2025 14:15,22-02-2025 15:22,22-02-2025 21:52,Central,Account Ops,A123,Afternoon,Medium,Subscription Change,Chat,24,1.13,7.63,No,0,No,No,Resolved,No,No Major Delay,None,5
T0851,C1716,20-04-2025 12:17,20-04-2025 13:32,21-04-2025 12:27,North,Billing Ops,A116,Morning,Low,Refund Request,Phone,48,1.25,24.18,No,0,No,Yes,Closed,No,No Major Delay,None,4
T0852,C1707,28-01-2025 17:42,28-01-2025 19:42,30-01-2025 06:52,North,Account Ops,A131,Afternoon,Medium,Payment Failure,Phone,24,2,37.17,Yes,13.17,Yes,No,Resolved,No,Incorrect Routing,Routing,2
T0853,C1625,11-04-2025 14:23,11-04-2025 16:49,12-04-2025 06:54,North,L1 Support,A119,Afternoon,High,Order Delay,Phone,8,2.44,16.52,Yes,8.52,Yes,No,Resolved,No,High Complexity,Diagnosis,4
T0854,C1994,21-04-2025 15:21,21-04-2025 17:58,22-04-2025 06:18,North,Technical Ops,A108,Afternoon,High,Login/Access,Email,8,2.62,14.95,Yes,6.95,No,No,Closed,No,Incorrect Routing,Routing,3
T0855,C1034,11-02-2025 14:24,11-02-2025 14:54,14-02-2025 11:42,Central,Account Ops,A113,Afternoon,Low,Subscription Change,Email,48,0.5,69.3,Yes,21.3,No,No,Resolved,No,Technical Dependency,Escalation,3
T0856,C1972,26-03-2025 15:45,26-03-2025 17:46,28-03-2025 02:00,West,Account Ops,A102,Afternoon,Low,Payment Failure,Email,48,2.02,34.26,No,0,No,No,Closed,No,Agent Capacity Constraint,Resolution,5
T0857,C1167,25-03-2025 09:41,25-03-2025 11:14,27-03-2025 16:30,South,Account Ops,A110,Morning,Medium,Order Delay,Phone,24,1.56,54.82,Yes,30.82,Yes,No,Closed,No,Delayed Assignment,Assignment,3
T0858,C1479,18-01-2025 16:09,18-01-2025 17:00,19-01-2025 01:40,East,L1 Support,A111,Afternoon,High,Technical Bug,Phone,8,0.85,9.53,Yes,1.53,Yes,No,Resolved,No,Agent Capacity Constraint,Resolution,4
T0859,C1964,24-02-2025 10:49,24-02-2025 12:43,25-02-2025 08:10,North,L1 Support,A101,Morning,Medium,Order Delay,Chat,24,1.91,21.35,No,0,Yes,No,Resolved,No,No Major Delay,None,5
T0860,C1734,02-04-2025 10:02,02-04-2025 11:19,02-04-2025 21:39,Central,Billing Ops,A102,Morning,Low,Subscription Change,Phone,48,1.29,11.63,No,0,No,No,Resolved,No,No Major Delay,None,5
T0861,C1805,03-02-2025 16:29,03-02-2025 19:21,04-02-2025 01:01,South,Billing Ops,A127,Afternoon,High,Payment Failure,Email,8,2.88,8.54,Yes,0.54,No,No,Resolved,No,High Complexity,Diagnosis,4
T0862,C1978,28-04-2025 15:09,28-04-2025 17:02,29-04-2025 00:26,South,Account Ops,A115,Afternoon,Low,Subscription Change,Portal,48,1.89,9.29,No,0,No,No,Resolved,No,No Major Delay,None,5
T0863,C1354,04-03-2025 11:40,04-03-2025 15:51,05-03-2025 12:49,West,Escalations,A110,Morning,Medium,Data Correction,Phone,24,4.19,25.16,Yes,1.16,Yes,Yes,Resolved,No,Technical Dependency,Escalation,1
T0864,C1918,04-03-2025 12:44,04-03-2025 15:11,07-03-2025 22:26,Central,Technical Ops,A104,Morning,Low,Technical Bug,Email,48,2.45,81.71,Yes,33.71,No,No,Resolved,No,Delayed Assignment,Assignment,4
T0865,C1981,28-02-2025 10:10,28-02-2025 13:25,01-03-2025 01:38,South,L1 Support,A116,Morning,Low,Technical Bug,Email,48,3.25,15.48,No,0,No,No,Resolved,No,No Major Delay,None,5
T0866,C1784,23-04-2025 08:19,23-04-2025 11:29,24-04-2025 02:50,North,Escalations,A119,Morning,High,Payment Failure,Chat,8,3.17,18.53,Yes,10.53,Yes,No,Resolved,No,Incomplete Customer Information,Customer Response,3
T0867,C1428,23-04-2025 17:47,23-04-2025 18:51,24-04-2025 09:11,West,Billing Ops,A114,Afternoon,Low,Payment Failure,Phone,48,1.07,15.41,No,0,No,No,Resolved,No,No Major Delay,None,5
T0868,C1323,15-03-2025 10:09,15-03-2025 10:29,15-03-2025 12:52,Central,Billing Ops,A102,Morning,Critical,Account Update,Email,4,0.34,2.73,No,0,No,No,Resolved,No,Agent Capacity Constraint,Resolution,5
T0869,C1551,03-04-2025 12:42,03-04-2025 15:16,06-04-2025 12:24,West,Escalations,A112,Morning,Low,Order Delay,Email,48,2.58,71.7,Yes,23.7,Yes,No,Resolved,No,Delayed Assignment,Assignment,3
T0870,C1445,24-03-2025 09:11,24-03-2025 09:45,27-03-2025 14:30,East,L1 Support,A111,Morning,Low,Login/Access,Phone,48,0.58,77.33,Yes,29.33,No,No,Resolved,No,High Complexity,Diagnosis,3
T0871,C1653,10-03-2025 08:24,10-03-2025 09:27,10-03-2025 23:27,West,Technical Ops,A121,Morning,Medium,Technical Bug,Email,24,1.06,15.06,No,0,Yes,No,Resolved,No,No Major Delay,None,5
T0872,C1187,21-02-2025 12:49,21-02-2025 14:41,23-02-2025 06:32,East,Account Ops,A119,Morning,Medium,Refund Request,Phone,24,1.87,41.73,Yes,17.73,Yes,No,Resolved,No,Incorrect Routing,Routing,4
T0873,C1098,04-03-2025 16:58,04-03-2025 18:30,05-03-2025 13:41,North,Technical Ops,A108,Afternoon,Critical,Data Correction,Email,4,1.54,20.73,Yes,16.73,No,No,Resolved,No,Incomplete Customer Information,Customer Response,3
T0874,C1334,03-01-2025 10:45,03-01-2025 10:58,04-01-2025 13:03,South,Technical Ops,A128,Morning,Medium,Technical Bug,Email,24,0.22,26.31,Yes,2.31,Yes,No,Resolved,No,Approval Dependency,Approval,3
T0875,C1249,18-04-2025 17:10,18-04-2025 21:32,19-04-2025 06:06,Central,Escalations,A111,Afternoon,Low,Refund Request,Chat,48,4.38,12.94,No,0,Yes,No,Resolved,No,No Major Delay,None,4
T0876,C1465,23-04-2025 11:13,23-04-2025 12:53,26-04-2025 03:50,Central,Account Ops,A125,Morning,Low,Payment Failure,Portal,48,1.68,64.63,Yes,16.63,No,No,Resolved,No,Approval Dependency,Approval,4
T0877,C1333,06-03-2025 10:12,06-03-2025 12:24,07-03-2025 02:45,East,L1 Support,A113,Morning,High,Account Update,Portal,8,2.21,16.56,Yes,8.56,Yes,No,Resolved,No,Technical Dependency,Escalation,3
T0878,C1119,22-03-2025 13:52,22-03-2025 14:05,,North,L1 Support,A103,Morning,Medium,Order Delay,Phone,24,0.22,,,,Yes,No,Pending,Yes,Incomplete Customer Information,Customer Response,
T0879,C1096,08-02-2025 13:42,08-02-2025 16:29,10-02-2025 23:10,North,Escalations,A116,Morning,Medium,Technical Bug,Phone,24,2.79,57.47,Yes,33.47,Yes,No,Resolved,No,Technical Dependency,Escalation,3
T0880,C1421,27-03-2025 14:40,27-03-2025 17:00,28-03-2025 07:20,East,Technical Ops,A115,Afternoon,High,Technical Bug,Chat,8,2.34,16.68,Yes,8.68,No,No,Closed,No,Incomplete Customer Information,Customer Response,4
T0881,C1521,12-03-2025 17:29,12-03-2025 19:35,13-03-2025 01:57,East,Billing Ops,A102,Afternoon,Medium,Subscription Change,Email,24,2.1,8.48,No,0,No,No,Resolved,No,No Major Delay,None,5
T0882,C1655,22-03-2025 13:13,22-03-2025 15:02,23-03-2025 08:52,Central,Technical Ops,A130,Morning,High,Technical Bug,Chat,8,1.83,19.65,Yes,11.65,No,No,Resolved,No,Agent Capacity Constraint,Resolution,3
T0883,C1898,28-02-2025 08:25,28-02-2025 10:10,02-03-2025 02:20,North,L1 Support,A111,Morning,Medium,Account Update,Email,24,1.75,41.92,Yes,17.92,Yes,No,Resolved,No,Agent Capacity Constraint,Resolution,4
T0884,C1737,20-04-2025 09:35,20-04-2025 12:32,21-04-2025 03:36,North,L1 Support,A131,Morning,Medium,Technical Bug,Email,24,2.96,18.02,No,0,No,Yes,Resolved,No,No Major Delay,None,4
T0885,C1491,15-02-2025 14:18,15-02-2025 15:13,16-02-2025 17:27,North,Technical Ops,A114,Afternoon,Medium,Data Correction,Phone,24,0.93,27.15,Yes,3.15,No,No,Resolved,No,Technical Dependency,Escalation,4
T0886,C1681,24-04-2025 09:03,24-04-2025 12:31,25-04-2025 01:33,North,Billing Ops,A114,Morning,Low,Subscription Change,Phone,48,3.47,16.5,No,0,Yes,No,Resolved,No,Agent Capacity Constraint,Resolution,5
T0887,C1875,11-04-2025 10:07,11-04-2025 11:16,11-04-2025 15:54,West,Technical Ops,A103,Morning,High,Account Update,Chat,8,1.16,5.79,No,0,Yes,No,Resolved,No,No Major Delay,None,5
T0888,C1500,09-02-2025 15:57,09-02-2025 17:40,10-02-2025 07:16,East,Technical Ops,A102,Afternoon,High,Technical Bug,Email,8,1.72,15.32,Yes,7.32,Yes,Yes,Resolved,No,High Complexity,Diagnosis,3
T0889,C1474,01-02-2025 14:08,01-02-2025 17:41,03-02-2025 06:54,East,Billing Ops,A104,Afternoon,Low,Subscription Change,Email,48,3.56,40.77,No,0,No,No,Resolved,No,No Major Delay,None,5
T0890,C1629,02-04-2025 13:35,02-04-2025 14:17,04-04-2025 09:35,East,Billing Ops,A123,Morning,Medium,Account Update,Phone,24,0.71,44.01,Yes,20.01,Yes,No,Resolved,No,Delayed Assignment,Assignment,3
T0891,C1864,28-02-2025 12:17,28-02-2025 13:48,28-02-2025 22:42,East,Technical Ops,A106,Morning,Critical,Login/Access,Portal,4,1.52,10.42,Yes,6.42,No,No,Closed,No,High Complexity,Diagnosis,4
T0892,C1845,19-04-2025 17:13,19-04-2025 19:35,20-04-2025 05:16,East,Escalations,A113,Afternoon,Medium,Account Update,Chat,24,2.37,12.05,No,0,Yes,No,Resolved,No,Technical Dependency,Escalation,5
T0893,C1708,13-03-2025 09:22,13-03-2025 10:54,15-03-2025 02:32,South,Billing Ops,A112,Morning,Medium,Subscription Change,Phone,24,1.54,41.17,Yes,17.17,No,No,Resolved,No,Delayed Assignment,Assignment,4
T0894,C1166,07-03-2025 17:55,07-03-2025 19:18,08-03-2025 01:52,South,Account Ops,A133,Afternoon,High,Refund Request,Portal,8,1.39,7.96,No,0,No,No,Resolved,No,No Major Delay,None,5
T0895,C1049,15-03-2025 12:56,15-03-2025 16:23,16-03-2025 12:17,North,Escalations,A109,Morning,Medium,Account Update,Portal,24,3.45,23.35,No,0,Yes,No,Resolved,No,Delayed Assignment,Assignment,5
T0896,C1961,01-04-2025 09:34,01-04-2025 11:37,02-04-2025 03:10,West,L1 Support,A122,Morning,Medium,Technical Bug,Email,24,2.06,17.61,No,0,No,No,Resolved,No,No Major Delay,None,5
T0897,C1473,24-04-2025 15:21,24-04-2025 20:06,25-04-2025 11:31,West,Escalations,A124,Afternoon,Low,Data Correction,Phone,48,4.76,20.18,No,0,Yes,No,Resolved,No,Technical Dependency,Escalation,4
T0898,C1508,01-03-2025 08:59,01-03-2025 10:48,02-03-2025 03:41,North,Technical Ops,A129,Morning,Medium,Technical Bug,Chat,24,1.83,18.7,No,0,No,No,Resolved,No,No Major Delay,None,5
T0899,C1344,06-03-2025 13:48,06-03-2025 15:55,08-03-2025 02:02,West,Account Ops,A102,Morning,Low,Payment Failure,Portal,48,2.13,36.24,No,0,No,No,Closed,No,Technical Dependency,Escalation,5
T0900,C1643,26-02-2025 15:36,26-02-2025 16:40,27-02-2025 04:19,North,Account Ops,A111,Afternoon,Medium,Subscription Change,Chat,24,1.08,12.72,No,0,No,No,Resolved,No,No Major Delay,None,5
T0901,C1128,27-03-2025 13:12,27-03-2025 17:19,28-03-2025 05:12,Central,Escalations,A101,Morning,Low,Refund Request,Phone,48,4.12,16,No,0,Yes,No,Closed,No,No Major Delay,None,4
T0902,C1927,08-01-2025 16:20,08-01-2025 19:22,11-01-2025 21:35,East,Billing Ops,A128,Afternoon,Low,Subscription Change,Email,48,3.04,77.25,Yes,29.25,No,No,Resolved,No,High Complexity,Diagnosis,4
T0903,C1978,30-03-2025 13:32,30-03-2025 14:51,31-03-2025 07:00,Central,Technical Ops,A129,Morning,High,Data Correction,Phone,8,1.32,17.47,Yes,9.47,Yes,No,Resolved,No,Approval Dependency,Approval,4
T0904,C1162,15-02-2025 13:50,15-02-2025 14:18,16-02-2025 10:23,North,Technical Ops,A132,Morning,High,Data Correction,Chat,8,0.48,20.55,Yes,12.55,No,No,Resolved,No,Technical Dependency,Escalation,4
T0905,C1342,11-01-2025 14:51,11-01-2025 15:14,12-01-2025 20:32,West,Billing Ops,A119,Afternoon,Medium,Account Update,Phone,24,0.39,29.69,Yes,5.69,No,No,Closed,No,Incorrect Routing,Routing,3
T0906,C1692,13-03-2025 16:00,13-03-2025 18:56,14-03-2025 03:19,East,Account Ops,A103,Afternoon,Medium,Order Delay,Phone,24,2.94,11.32,No,0,No,No,Resolved,No,High Complexity,Diagnosis,5
T0907,C1521,06-01-2025 14:31,06-01-2025 18:53,07-01-2025 05:25,Central,Escalations,A127,Afternoon,High,Login/Access,Email,8,4.37,14.91,Yes,6.91,Yes,No,Closed,No,Technical Dependency,Escalation,2
T0908,C1108,25-04-2025 15:08,25-04-2025 15:41,26-04-2025 10:41,East,Account Ops,A122,Afternoon,Medium,Refund Request,Chat,24,0.55,19.55,No,0,No,No,Resolved,No,No Major Delay,None,5
T0909,C1779,08-04-2025 16:57,08-04-2025 18:55,09-04-2025 22:26,East,L1 Support,A114,Afternoon,Low,Order Delay,Chat,48,1.98,29.49,No,0,No,No,Resolved,No,No Major Delay,None,5
T0910,C1174,14-02-2025 11:32,14-02-2025 14:11,16-02-2025 09:56,East,Technical Ops,A108,Morning,Medium,Login/Access,Email,24,2.65,46.4,Yes,22.4,Yes,No,Resolved,No,Delayed Assignment,Assignment,4
T0911,C1245,08-04-2025 12:04,08-04-2025 14:47,,North,Billing Ops,A109,Morning,Low,Payment Failure,Chat,48,2.73,,,,Yes,No,Pending,Yes,No Major Delay,None,
T0912,C1507,05-02-2025 16:29,05-02-2025 19:17,06-02-2025 23:45,North,Technical Ops,A110,Afternoon,Low,Data Correction,Chat,48,2.81,31.28,No,0,No,No,Resolved,No,No Major Delay,None,5
T0913,C1952,17-04-2025 17:03,17-04-2025 18:22,19-04-2025 16:59,South,L1 Support,A107,Afternoon,Low,Order Delay,Email,48,1.32,47.94,No,0,No,No,Resolved,No,No Major Delay,None,5
T0914,C1817,09-01-2025 17:23,09-01-2025 21:56,10-01-2025 04:45,Central,Escalations,A127,Afternoon,High,Login/Access,Email,8,4.55,11.38,Yes,3.38,Yes,Yes,Resolved,No,Delayed Assignment,Assignment,2
T0915,C1823,22-01-2025 10:05,22-01-2025 11:47,23-01-2025 18:09,West,L1 Support,A103,Morning,Medium,Login/Access,Email,24,1.71,32.08,Yes,8.08,No,No,Resolved,No,Technical Dependency,Escalation,4
T0916,C1147,09-01-2025 15:53,09-01-2025 17:02,12-01-2025 22:06,East,Billing Ops,A111,Afternoon,Low,Refund Request,Chat,48,1.15,78.23,Yes,30.23,No,No,Resolved,No,Agent Capacity Constraint,Resolution,4
T0917,C1656,19-01-2025 08:37,19-01-2025 10:05,19-01-2025 12:38,South,Account Ops,A118,Morning,Critical,Account Update,Email,4,1.48,4.02,Yes,0.02,No,No,Resolved,No,Delayed Assignment,Assignment,3
T0918,C1440,04-01-2025 10:17,04-01-2025 12:48,06-01-2025 00:50,South,Account Ops,A120,Morning,Medium,Refund Request,Portal,24,2.52,38.56,Yes,14.56,Yes,No,Resolved,No,Delayed Assignment,Assignment,3
T0919,C1236,24-02-2025 16:43,24-02-2025 18:46,24-02-2025 23:50,East,Escalations,A117,Afternoon,Medium,Account Update,Chat,24,2.06,7.13,No,0,Yes,No,Resolved,No,No Major Delay,None,5
T0920,C1235,08-02-2025 08:03,08-02-2025 10:18,09-02-2025 15:45,North,Technical Ops,A109,Morning,Medium,Data Correction,Portal,24,2.26,31.71,Yes,7.71,Yes,No,Closed,No,High Complexity,Diagnosis,4
T0921,C1367,09-03-2025 14:20,09-03-2025 15:03,10-03-2025 01:46,West,Billing Ops,A108,Afternoon,High,Refund Request,Email,8,0.72,11.44,Yes,3.44,No,No,Closed,No,Incorrect Routing,Routing,4
T0922,C1124,12-04-2025 12:47,12-04-2025 14:26,,South,Technical Ops,A134,Morning,Low,Login/Access,Chat,48,1.66,,,,No,No,Pending,Yes,No Major Delay,None,
T0923,C1470,05-04-2025 10:52,05-04-2025 12:59,05-04-2025 15:52,North,L1 Support,A125,Morning,High,Account Update,Email,8,2.12,5.01,No,0,No,No,Resolved,No,No Major Delay,None,5
T0924,C1255,21-04-2025 16:27,21-04-2025 17:22,22-04-2025 01:59,West,Technical Ops,A106,Afternoon,Medium,Technical Bug,Email,24,0.92,9.54,No,0,No,No,Resolved,No,No Major Delay,None,5
T0925,C1824,26-03-2025 17:35,26-03-2025 19:43,27-03-2025 05:06,South,Billing Ops,A106,Afternoon,Medium,Subscription Change,Portal,24,2.14,11.52,No,0,No,No,Resolved,No,Delayed Assignment,Assignment,5
T0926,C1563,18-02-2025 17:38,18-02-2025 18:52,20-02-2025 05:17,East,Technical Ops,A102,Afternoon,Low,Login/Access,Email,48,1.24,35.66,No,0,No,No,Resolved,No,No Major Delay,None,5
T0927,C1478,18-01-2025 11:32,18-01-2025 15:23,19-01-2025 09:31,North,Escalations,A133,Morning,High,Subscription Change,Chat,8,3.86,21.99,Yes,13.99,Yes,No,Closed,No,Technical Dependency,Escalation,2
T0928,C1997,07-02-2025 09:10,07-02-2025 12:08,07-02-2025 18:18,South,Billing Ops,A130,Morning,High,Subscription Change,Phone,8,2.98,9.14,Yes,1.14,Yes,Yes,Closed,No,Technical Dependency,Escalation,3
T0929,C1947,23-01-2025 11:03,23-01-2025 13:00,24-01-2025 02:16,East,Escalations,A104,Morning,High,Technical Bug,Chat,8,1.95,15.23,Yes,7.23,Yes,No,Resolved,No,Approval Dependency,Approval,4
T0930,C1429,05-04-2025 14:27,05-04-2025 17:24,,North,Escalations,A124,Afternoon,Medium,Login/Access,Email,24,2.96,,,,Yes,No,Pending,Yes,Agent Capacity Constraint,Resolution,
T0931,C1173,16-02-2025 15:46,16-02-2025 19:20,18-02-2025 11:04,East,Escalations,A122,Afternoon,Low,Order Delay,Phone,48,3.58,43.31,No,0,Yes,No,Resolved,No,No Major Delay,None,5
T0932,C1418,01-01-2025 16:25,01-01-2025 18:35,02-01-2025 03:10,North,Account Ops,A112,Afternoon,High,Refund Request,Chat,8,2.17,10.76,Yes,2.76,Yes,No,Closed,No,Delayed Assignment,Assignment,3
T0933,C1320,23-03-2025 11:23,23-03-2025 13:04,25-03-2025 09:28,East,L1 Support,A111,Morning,Low,Technical Bug,Chat,48,1.69,46.09,No,0,No,No,Resolved,No,No Major Delay,None,5
T0934,C1784,13-02-2025 14:53,13-02-2025 19:14,15-02-2025 02:30,East,Escalations,A108,Afternoon,Low,Order Delay,Email,48,4.35,35.62,No,0,Yes,No,Closed,No,No Major Delay,None,4
T0935,C1820,01-01-2025 14:14,01-01-2025 15:22,02-01-2025 00:15,Central,Technical Ops,A110,Afternoon,High,Data Correction,Phone,8,1.14,10.02,Yes,2.02,No,No,Resolved,No,Delayed Assignment,Assignment,3
T0936,C1121,06-01-2025 10:05,06-01-2025 12:44,06-01-2025 20:05,West,Technical Ops,A107,Morning,Medium,Login/Access,Phone,24,2.66,10.01,No,0,No,No,Closed,No,No Major Delay,None,5
T0937,C1618,13-01-2025 16:24,13-01-2025 16:45,13-01-2025 21:34,Central,L1 Support,A116,Afternoon,Medium,Login/Access,Chat,24,0.36,5.17,No,0,No,No,Resolved,No,No Major Delay,None,5
T0938,C1645,31-01-2025 09:48,31-01-2025 12:40,01-02-2025 12:07,North,Technical Ops,A131,Morning,Low,Login/Access,Chat,48,2.87,26.33,No,0,No,No,Resolved,No,No Major Delay,None,5
T0939,C1448,03-02-2025 09:37,03-02-2025 15:02,05-02-2025 02:54,South,Escalations,A104,Morning,Low,Subscription Change,Chat,48,5.42,41.29,No,0,Yes,Yes,Resolved,No,Approval Dependency,Approval,3
T0940,C1630,01-01-2025 15:08,01-01-2025 17:00,01-01-2025 23:21,South,Account Ops,A129,Afternoon,High,Refund Request,Chat,8,1.88,8.22,Yes,0.22,No,No,Resolved,No,Technical Dependency,Escalation,3
T0941,C1476,04-03-2025 09:34,04-03-2025 11:40,06-03-2025 20:11,South,Escalations,A125,Morning,Medium,Order Delay,Chat,24,2.1,58.62,Yes,34.62,Yes,No,Closed,No,Incomplete Customer Information,Customer Response,2
T0942,C1453,20-02-2025 10:10,20-02-2025 10:50,23-02-2025 13:29,North,Technical Ops,A109,Morning,Low,Technical Bug,Email,48,0.68,75.33,Yes,27.33,Yes,No,Resolved,No,Agent Capacity Constraint,Resolution,4
T0943,C1222,23-04-2025 10:05,23-04-2025 12:20,24-04-2025 04:46,West,Account Ops,A124,Morning,Medium,Account Update,Chat,24,2.26,18.69,No,0,No,No,Closed,No,Delayed Assignment,Assignment,5
T0944,C1109,30-03-2025 09:39,30-03-2025 10:28,30-03-2025 13:04,Central,Technical Ops,A114,Morning,High,Login/Access,Chat,8,0.82,3.42,No,0,No,No,Resolved,No,Delayed Assignment,Assignment,5
T0945,C1238,10-01-2025 14:30,10-01-2025 16:50,11-01-2025 17:02,North,Technical Ops,A107,Afternoon,Medium,Technical Bug,Chat,24,2.34,26.54,Yes,2.54,No,No,Closed,No,Agent Capacity Constraint,Resolution,3
T0946,C1929,20-01-2025 15:32,20-01-2025 18:43,21-01-2025 11:56,North,Escalations,A127,Afternoon,High,Login/Access,Email,8,3.19,20.4,Yes,12.4,Yes,No,Closed,No,Delayed Assignment,Assignment,3
T0947,C1473,03-02-2025 10:24,03-02-2025 14:25,05-02-2025 08:17,South,Escalations,A107,Morning,Medium,Order Delay,Email,24,4.02,45.89,Yes,21.89,Yes,No,Resolved,No,High Complexity,Diagnosis,2
T0948,C1325,16-02-2025 14:51,16-02-2025 16:52,17-02-2025 04:01,North,Technical Ops,A133,Afternoon,Medium,Login/Access,Phone,24,2.03,13.17,No,0,No,No,Resolved,No,Technical Dependency,Escalation,5
T0949,C1528,11-02-2025 15:42,11-02-2025 16:02,12-02-2025 05:52,North,Account Ops,A120,Afternoon,High,Payment Failure,Chat,8,0.34,14.18,Yes,6.18,No,No,Resolved,No,Incorrect Routing,Routing,4
T0950,C1223,19-01-2025 15:04,19-01-2025 17:47,22-01-2025 07:19,West,Billing Ops,A125,Afternoon,Low,Subscription Change,Phone,48,2.72,64.25,Yes,16.25,No,No,Resolved,No,Incomplete Customer Information,Customer Response,4
T0951,C1618,08-03-2025 16:25,08-03-2025 18:15,10-03-2025 08:08,Central,Escalations,A102,Afternoon,Low,Account Update,Chat,48,1.84,39.73,No,0,Yes,No,Closed,No,No Major Delay,None,5
T0952,C1260,02-02-2025 08:20,02-02-2025 10:53,03-02-2025 06:11,Central,L1 Support,A129,Morning,Low,Technical Bug,Phone,48,2.55,21.86,No,0,No,No,Resolved,No,No Major Delay,None,5
T0953,C1501,21-04-2025 14:47,21-04-2025 16:15,22-04-2025 02:03,Central,L1 Support,A112,Afternoon,High,Order Delay,Chat,8,1.48,11.28,Yes,3.28,Yes,Yes,Resolved,No,High Complexity,Diagnosis,2
T0954,C1598,06-02-2025 12:53,06-02-2025 14:42,06-02-2025 20:42,West,Billing Ops,A135,Morning,Medium,Payment Failure,Email,24,1.82,7.82,No,0,No,No,Resolved,No,No Major Delay,None,5
T0955,C1943,24-04-2025 12:11,24-04-2025 13:22,25-04-2025 22:50,North,Account Ops,A101,Morning,Low,Payment Failure,Chat,48,1.19,34.66,No,0,No,No,Closed,No,No Major Delay,None,5
T0956,C1801,07-02-2025 17:12,07-02-2025 19:58,08-02-2025 02:45,West,Escalations,A101,Afternoon,High,Subscription Change,Portal,8,2.77,9.56,Yes,1.56,Yes,No,Resolved,No,Approval Dependency,Approval,4
T0957,C1230,11-02-2025 12:03,11-02-2025 13:13,12-02-2025 03:45,Central,Billing Ops,A126,Morning,Medium,Subscription Change,Email,24,1.18,15.71,No,0,No,No,Resolved,No,No Major Delay,None,5
T0958,C1170,29-01-2025 13:41,29-01-2025 16:36,30-01-2025 09:10,West,Account Ops,A108,Morning,High,Order Delay,Email,8,2.93,19.49,Yes,11.49,No,No,Resolved,No,Agent Capacity Constraint,Resolution,4
T0959,C1010,06-03-2025 16:27,06-03-2025 16:39,07-03-2025 07:31,South,Billing Ops,A129,Afternoon,Medium,Refund Request,Phone,24,0.21,15.08,No,0,No,No,Resolved,No,Delayed Assignment,Assignment,5
T0960,C1356,26-04-2025 13:49,26-04-2025 14:51,28-04-2025 01:22,Central,Billing Ops,A112,Morning,Medium,Subscription Change,Portal,24,1.04,35.56,Yes,11.56,No,No,Closed,No,Incomplete Customer Information,Customer Response,4
T0961,C1594,26-04-2025 13:22,26-04-2025 13:49,29-04-2025 06:32,South,Billing Ops,A110,Morning,Low,Refund Request,Email,48,0.46,65.17,Yes,17.17,Yes,No,Closed,No,Incomplete Customer Information,Customer Response,4
T0962,C1807,21-01-2025 12:54,21-01-2025 15:40,23-01-2025 11:07,Central,Technical Ops,A116,Morning,Medium,Technical Bug,Email,24,2.77,46.22,Yes,22.22,No,No,Closed,No,Agent Capacity Constraint,Resolution,4
T0963,C1163,22-04-2025 17:38,22-04-2025 20:29,23-04-2025 01:13,South,Account Ops,A126,Afternoon,High,Refund Request,Chat,8,2.86,7.59,No,0,No,No,Resolved,No,No Major Delay,None,5
T0964,C1683,12-04-2025 09:37,12-04-2025 10:28,12-04-2025 14:42,South,L1 Support,A129,Morning,Critical,Login/Access,Phone,4,0.85,5.09,Yes,1.09,Yes,No,Resolved,No,Incorrect Routing,Routing,3
T0965,C1362,14-04-2025 11:01,14-04-2025 13:20,16-04-2025 05:55,West,L1 Support,A128,Morning,Low,Data Correction,Email,48,2.33,42.9,No,0,Yes,No,Resolved,No,No Major Delay,None,5
T0966,C1157,23-03-2025 09:19,23-03-2025 13:24,24-03-2025 14:29,East,Escalations,A109,Morning,Medium,Order Delay,Email,24,4.09,29.17,Yes,5.17,Yes,No,Closed,No,Agent Capacity Constraint,Resolution,1
T0967,C1571,17-03-2025 10:47,17-03-2025 11:03,20-03-2025 04:35,South,L1 Support,A135,Morning,Low,Technical Bug,Chat,48,0.28,65.81,Yes,17.81,Yes,No,Resolved,No,Incorrect Routing,Routing,4
T0968,C1793,05-02-2025 08:56,05-02-2025 10:54,06-02-2025 02:25,Central,L1 Support,A119,Morning,Medium,Login/Access,Portal,24,1.98,17.49,No,0,No,No,Resolved,No,No Major Delay,None,5
T0969,C1172,03-03-2025 10:42,03-03-2025 11:22,03-03-2025 16:48,West,L1 Support,A133,Morning,High,Account Update,Email,8,0.67,6.1,No,0,No,No,Resolved,No,Incomplete Customer Information,Customer Response,5
T0970,C1583,24-04-2025 12:28,24-04-2025 13:49,25-04-2025 14:07,East,Billing Ops,A126,Morning,Medium,Payment Failure,Email,24,1.35,25.65,Yes,1.65,No,No,Resolved,No,Delayed Assignment,Assignment,4
T0971,C1237,22-02-2025 14:00,22-02-2025 16:31,23-02-2025 14:57,North,Technical Ops,A129,Afternoon,Medium,Technical Bug,Chat,24,2.53,24.95,Yes,0.95,Yes,Yes,Resolved,No,High Complexity,Diagnosis,2
T0972,C1287,08-02-2025 15:05,08-02-2025 16:56,10-02-2025 11:18,North,Technical Ops,A112,Afternoon,Medium,Login/Access,Phone,24,1.86,44.23,Yes,20.23,No,No,Resolved,No,Technical Dependency,Escalation,4
T0973,C1888,01-04-2025 16:45,01-04-2025 18:37,02-04-2025 17:32,West,Escalations,A126,Afternoon,Medium,Subscription Change,Chat,24,1.87,24.79,Yes,0.79,Yes,No,Resolved,No,Approval Dependency,Approval,3
T0974,C1488,08-02-2025 10:12,08-02-2025 11:48,11-02-2025 15:32,North,L1 Support,A106,Morning,Low,Order Delay,Email,48,1.61,77.34,Yes,29.34,No,No,Resolved,No,Incomplete Customer Information,Customer Response,4
T0975,C1506,06-01-2025 12:56,06-01-2025 13:25,07-01-2025 03:21,North,Account Ops,A112,Morning,Low,Subscription Change,Phone,48,0.49,14.42,No,0,No,No,Closed,No,No Major Delay,None,5
T0976,C1779,04-02-2025 12:04,04-02-2025 12:44,05-02-2025 00:47,South,Technical Ops,A115,Morning,Medium,Technical Bug,Email,24,0.67,12.72,No,0,No,No,Resolved,No,No Major Delay,None,5
T0977,C1347,14-03-2025 08:17,14-03-2025 09:08,15-03-2025 05:54,East,Billing Ops,A109,Morning,Low,Payment Failure,Chat,48,0.86,21.63,No,0,No,No,Resolved,No,No Major Delay,None,5
T0978,C1466,10-04-2025 17:38,10-04-2025 20:03,11-04-2025 14:40,East,L1 Support,A118,Afternoon,High,Order Delay,Phone,8,2.43,21.04,Yes,13.04,Yes,No,Resolved,No,Incomplete Customer Information,Customer Response,3
T0979,C1304,27-02-2025 13:56,27-02-2025 16:38,01-03-2025 15:53,East,Account Ops,A106,Morning,Medium,Subscription Change,Email,24,2.71,49.96,Yes,25.96,No,No,Resolved,No,Approval Dependency,Approval,4
T0980,C1770,02-03-2025 10:36,02-03-2025 10:53,04-03-2025 17:01,East,Technical Ops,A104,Morning,Low,Login/Access,Chat,48,0.29,54.43,Yes,6.43,No,No,Resolved,No,Agent Capacity Constraint,Resolution,4
T0981,C1657,04-01-2025 14:30,04-01-2025 17:45,08-01-2025 14:18,North,Escalations,A133,Afternoon,Low,Login/Access,Email,48,3.26,95.8,Yes,47.8,Yes,No,Closed,No,Delayed Assignment,Assignment,3
T0982,C1024,12-02-2025 17:51,12-02-2025 19:07,,North,Technical Ops,A114,Afternoon,High,Login/Access,Chat,8,1.28,,,,Yes,No,Pending,Yes,Incomplete Customer Information,Customer Response,
T0983,C1416,30-03-2025 15:03,30-03-2025 17:39,31-03-2025 02:55,East,Account Ops,A109,Afternoon,Medium,Refund Request,Chat,24,2.6,11.87,No,0,Yes,No,Resolved,No,No Major Delay,None,5
T0984,C1719,14-04-2025 17:37,14-04-2025 20:09,16-04-2025 22:04,North,Account Ops,A101,Afternoon,Medium,Payment Failure,Chat,24,2.54,52.46,Yes,28.46,No,No,Resolved,No,Technical Dependency,Escalation,3
T0985,C1243,16-04-2025 12:39,16-04-2025 13:58,17-04-2025 02:12,South,Billing Ops,A101,Morning,High,Subscription Change,Chat,8,1.33,13.56,Yes,5.56,No,No,Resolved,No,Incomplete Customer Information,Customer Response,4
T0986,C1278,18-02-2025 17:11,18-02-2025 18:37,,Central,Account Ops,A127,Afternoon,Low,Refund Request,Chat,48,1.44,,,,No,No,Pending,Yes,No Major Delay,None,
T0987,C1904,10-03-2025 09:26,10-03-2025 12:02,10-03-2025 14:03,East,Account Ops,A105,Morning,High,Subscription Change,Chat,8,2.61,4.63,No,0,No,No,Resolved,No,No Major Delay,None,5
T0988,C1049,25-03-2025 16:05,25-03-2025 18:14,26-03-2025 10:28,North,Escalations,A110,Afternoon,Medium,Technical Bug,Email,24,2.16,18.39,No,0,Yes,No,Resolved,No,No Major Delay,None,5
T0989,C1989,22-01-2025 17:26,22-01-2025 19:27,24-01-2025 01:29,Central,Technical Ops,A126,Afternoon,High,Technical Bug,Email,8,2.02,32.06,Yes,24.06,No,Yes,Resolved,No,Delayed Assignment,Assignment,2
T0990,C1245,29-03-2025 09:46,29-03-2025 12:28,29-03-2025 21:37,West,Technical Ops,A128,Morning,High,Technical Bug,Chat,8,2.7,11.85,Yes,3.85,No,Yes,Closed,No,Delayed Assignment,Assignment,3
T0991,C1677,18-03-2025 14:40,18-03-2025 16:40,19-03-2025 11:41,South,Technical Ops,A114,Afternoon,Medium,Technical Bug,Portal,24,2,21.03,No,0,Yes,No,Resolved,No,No Major Delay,None,5
T0992,C1624,20-01-2025 11:29,20-01-2025 11:45,21-01-2025 09:50,South,Account Ops,A106,Morning,Low,Payment Failure,Chat,48,0.28,22.35,No,0,No,No,Resolved,No,No Major Delay,None,5
T0993,C1285,25-04-2025 12:02,25-04-2025 12:51,26-04-2025 08:02,North,L1 Support,A109,Morning,Medium,Order Delay,Email,24,0.82,20.01,No,0,No,No,Closed,No,No Major Delay,None,5
T0994,C1826,02-04-2025 17:28,02-04-2025 18:22,04-04-2025 01:50,West,Billing Ops,A108,Afternoon,Medium,Subscription Change,Chat,24,0.9,32.38,Yes,8.38,Yes,No,Resolved,No,Delayed Assignment,Assignment,4
T0995,C1464,04-03-2025 10:08,04-03-2025 12:59,06-03-2025 09:03,Central,L1 Support,A120,Morning,Medium,Order Delay,Phone,24,2.86,46.92,Yes,22.92,No,Yes,Resolved,No,Agent Capacity Constraint,Resolution,3
T0996,C1799,05-04-2025 17:50,05-04-2025 20:00,08-04-2025 06:33,West,L1 Support,A110,Afternoon,Low,Technical Bug,Email,48,2.17,60.73,Yes,12.73,Yes,No,Resolved,No,High Complexity,Diagnosis,4
T0997,C1668,15-04-2025 11:06,15-04-2025 14:58,17-04-2025 03:59,South,Escalations,A117,Morning,Medium,Refund Request,Email,24,3.88,40.89,Yes,16.89,Yes,Yes,Resolved,No,Delayed Assignment,Assignment,2
T0998,C1863,26-03-2025 11:54,26-03-2025 16:06,27-03-2025 03:11,West,Escalations,A120,Morning,Low,Data Correction,Email,48,4.21,15.29,No,0,Yes,No,Closed,No,No Major Delay,None,4
T0999,C1819,06-04-2025 10:18,06-04-2025 11:25,08-04-2025 20:00,Central,Account Ops,A125,Morning,Medium,Payment Failure,Chat,24,1.12,57.7,Yes,33.7,Yes,No,Resolved,No,Technical Dependency,Escalation,3
T1000,C1491,15-04-2025 08:41,15-04-2025 11:29,16-04-2025 13:35,Central,Escalations,A135,Morning,High,Subscription Change,Portal,8,2.8,28.91,Yes,20.91,Yes,No,Resolved,No,Technical Dependency,Escalation,3
